会社名,四半期,区分,科目,前期末,当期末
アルファ工業,2023Q4,BS,現金及び預金,17700,23400
アルファ工業,2023Q4,BS,預け金,10200,11000
アルファ工業,2023Q4,BS,営業債権,21400,24500
アルファ工業,2023Q4,BS,棚卸資産,7100,7300
アルファ工業,2023Q4,BS,その他流動資産,2100,2400
アルファ工業,2023Q4,BS,有形固定資産(純額),34100,34400
アルファ工業,2023Q4,BS,投資その他の資産,8200,9500
アルファ工業,2023Q4,BS,営業債務,16600,18900
アルファ工業,2023Q4,BS,短期借入金,2400,5000
アルファ工業,2023Q4,BS,その他流動負債,2900,2100
アルファ工業,2023Q4,BS,長期借入金,23700,25000
アルファ工業,2023Q4,BS,その他固定負債,1400,1500
アルファ工業,2023Q4,BS,退職給付引当金,2800,2700
アルファ工業,2023Q4,BS,純資産合計,51000,57300
アルファ工業,2023Q4,PL,売上高,,79700
アルファ工業,2023Q4,PL,営業利益,,11700
アルファ工業,2023Q4,PL,税引前当期純利益,,11000
アルファ工業,2023Q4,PL,減価償却費,,2300
アルファ工業,2023Q4,PL,受取利息及び受取配当金,,200
アルファ工業,2023Q4,PL,支払利息,,900
アルファ工業,2023Q4,PL,法人税等,,3500
アルファ工業,2023Q4,SS,自己株式の取得,,1200
アルファ工業,2024Q1,BS,現金及び預金,,33800
アルファ工業,2024Q1,BS,預け金,,10300
アルファ工業,2024Q1,BS,営業債権,,23600
アルファ工業,2024Q1,BS,棚卸資産,,7300
アルファ工業,2024Q1,BS,その他流動資産,,2100
アルファ工業,2024Q1,BS,有形固定資産(純額),,34300
アルファ工業,2024Q1,BS,投資その他の資産,,8900
アルファ工業,2024Q1,BS,営業債務,,20900
アルファ工業,2024Q1,BS,短期借入金,,7000
アルファ工業,2024Q1,BS,その他流動負債,,2200
アルファ工業,2024Q1,BS,長期借入金,,27400
アルファ工業,2024Q1,BS,その他固定負債,,1500
アルファ工業,2024Q1,BS,退職給付引当金,,2800
アルファ工業,2024Q1,BS,純資産合計,,58500
アルファ工業,2024Q1,PL,売上高,,79000
アルファ工業,2024Q1,PL,営業利益,,2600
アルファ工業,2024Q1,PL,税引前当期純利益,,2300
アルファ工業,2024Q1,PL,減価償却費,,1700
アルファ工業,2024Q1,PL,受取利息及び受取配当金,,400
アルファ工業,2024Q1,PL,支払利息,,700
アルファ工業,2024Q1,PL,法人税等,,700
アルファ工業,2024Q1,SS,剰余金の配当(配当金の支払額),,400
アルファ工業,2024Q2,BS,現金及び預金,,37200
アルファ工業,2024Q2,BS,預け金,,10400
アルファ工業,2024Q2,BS,営業債権,,22400
アルファ工業,2024Q2,BS,棚卸資産,,6100
アルファ工業,2024Q2,BS,その他流動資産,,1800
アルファ工業,2024Q2,BS,有形固定資産(純額),,38400
アルファ工業,2024Q2,BS,投資その他の資産,,8100
アルファ工業,2024Q2,BS,営業債務,,22800
アルファ工業,2024Q2,BS,短期借入金,,9200
アルファ工業,2024Q2,BS,その他流動負債,,2400
アルファ工業,2024Q2,BS,長期借入金,,29400
アルファ工業,2024Q2,BS,その他固定負債,,900
アルファ工業,2024Q2,BS,退職給付引当金,,3400
アルファ工業,2024Q2,BS,純資産合計,,56300
アルファ工業,2024Q2,PL,売上高,,79300
アルファ工業,2024Q2,PL,営業利益,,-1200
アルファ工業,2024Q2,PL,税引前当期純利益,,-2200
アルファ工業,2024Q2,PL,減価償却費,,1800
アルファ工業,2024Q2,PL,受取利息及び受取配当金,,100
アルファ工業,2024Q2,PL,支払利息,,1100
アルファ工業,2024Q3,BS,現金及び預金,,43600
アルファ工業,2024Q3,BS,預け金,,8700
アルファ工業,2024Q3,BS,営業債権,,24800
アルファ工業,2024Q3,BS,棚卸資産,,4100
アルファ工業,2024Q3,BS,その他流動資産,,1500
アルファ工業,2024Q3,BS,有形固定資産(純額),,39500
アルファ工業,2024Q3,BS,投資その他の資産,,8000
アルファ工業,2024Q3,BS,営業債務,,24200
アルファ工業,2024Q3,BS,短期借入金,,9000
アルファ工業,2024Q3,BS,その他流動負債,,2000
アルファ工業,2024Q3,BS,長期借入金,,30600
アルファ工業,2024Q3,BS,その他固定負債,,1400
アルファ工業,2024Q3,BS,退職給付引当金,,3900
アルファ工業,2024Q3,BS,純資産合計,,59100
アルファ工業,2024Q3,PL,売上高,,80200
アルファ工業,2024Q3,PL,営業利益,,4600
アルファ工業,2024Q3,PL,税引前当期純利益,,4100
アルファ工業,2024Q3,PL,減価償却費,,4800
アルファ工業,2024Q3,PL,受取利息及び受取配当金,,100
アルファ工業,2024Q3,PL,支払利息,,600
アルファ工業,2024Q3,PL,法人税等,,1300
アルファ工業,2024Q4,BS,現金及び預金,,41200
アルファ工業,2024Q4,BS,預け金,,7200
アルファ工業,2024Q4,BS,営業債権,,24100
アルファ工業,2024Q4,BS,棚卸資産,,3900
アルファ工業,2024Q4,BS,その他流動資産,,2300
アルファ工業,2024Q4,BS,有形固定資産(純額),,41900
アルファ工業,2024Q4,BS,投資その他の資産,,8500
アルファ工業,2024Q4,BS,営業債務,,25000
アルファ工業,2024Q4,BS,短期借入金,,10600
アルファ工業,2024Q4,BS,その他流動負債,,3200
アルファ工業,2024Q4,BS,長期借入金,,28000
アルファ工業,2024Q4,BS,その他固定負債,,1000
アルファ工業,2024Q4,BS,退職給付引当金,,3700
アルファ工業,2024Q4,BS,純資産合計,,57600
アルファ工業,2024Q4,PL,売上高,,81000
アルファ工業,2024Q4,PL,営業利益,,-1000
アルファ工業,2024Q4,PL,税引前当期純利益,,-1500
アルファ工業,2024Q4,PL,減価償却費,,2800
アルファ工業,2024Q4,PL,受取利息及び受取配当金,,400
アルファ工業,2024Q4,PL,支払利息,,900
アルファ工業,2025Q1,BS,現金及び預金,,45300
アルファ工業,2025Q1,BS,預け金,,7500
アルファ工業,2025Q1,BS,営業債権,,26400
アルファ工業,2025Q1,BS,棚卸資産,,4900
アルファ工業,2025Q1,BS,その他流動資産,,2700
アルファ工業,2025Q1,BS,有形固定資産(純額),,40800
アルファ工業,2025Q1,BS,投資その他の資産,,8300
アルファ工業,2025Q1,BS,営業債務,,27900
アルファ工業,2025Q1,BS,短期借入金,,10700
アルファ工業,2025Q1,BS,その他流動負債,,2900
アルファ工業,2025Q1,BS,長期借入金,,28800
アルファ工業,2025Q1,BS,その他固定負債,,600
アルファ工業,2025Q1,BS,退職給付引当金,,4500
アルファ工業,2025Q1,BS,純資産合計,,60500
アルファ工業,2025Q1,PL,売上高,,81500
アルファ工業,2025Q1,PL,営業利益,,6200
アルファ工業,2025Q1,PL,税引前当期純利益,,5700
アルファ工業,2025Q1,PL,減価償却費,,5700
アルファ工業,2025Q1,PL,受取利息及び受取配当金,,400
アルファ工業,2025Q1,PL,支払利息,,900
アルファ工業,2025Q1,PL,法人税等,,1800
アルファ工業,2025Q1,SS,剰余金の配当(配当金の支払額),,1000
アルファ工業,2025Q2,BS,現金及び預金,,42000
アルファ工業,2025Q2,BS,預け金,,10300
アルファ工業,2025Q2,BS,営業債権,,26700
アルファ工業,2025Q2,BS,棚卸資産,,5600
アルファ工業,2025Q2,BS,その他流動資産,,2600
アルファ工業,2025Q2,BS,有形固定資産(純額),,41300
アルファ工業,2025Q2,BS,投資その他の資産,,7700
アルファ工業,2025Q2,BS,営業債務,,29200
アルファ工業,2025Q2,BS,短期借入金,,12000
アルファ工業,2025Q2,BS,その他流動負債,,2600
アルファ工業,2025Q2,BS,長期借入金,,25800
アルファ工業,2025Q2,BS,その他固定負債,,1200
アルファ工業,2025Q2,BS,退職給付引当金,,4800
アルファ工業,2025Q2,BS,純資産合計,,60600
アルファ工業,2025Q2,PL,売上高,,83100
アルファ工業,2025Q2,PL,営業利益,,3700
アルファ工業,2025Q2,PL,税引前当期純利益,,3200
アルファ工業,2025Q2,PL,減価償却費,,3400
アルファ工業,2025Q2,PL,受取利息及び受取配当金,,200
アルファ工業,2025Q2,PL,支払利息,,700
アルファ工業,2025Q2,PL,法人税等,,1000
アルファ工業,2025Q2,SS,自己株式の取得,,2100
アルファ工業,2025Q3,BS,現金及び預金,,41900
アルファ工業,2025Q3,BS,預け金,,10900
アルファ工業,2025Q3,BS,営業債権,,28100
アルファ工業,2025Q3,BS,棚卸資産,,6800
アルファ工業,2025Q3,BS,その他流動資産,,2600
アルファ工業,2025Q3,BS,有形固定資産(純額),,43900
アルファ工業,2025Q3,BS,投資その他の資産,,7300
アルファ工業,2025Q3,BS,営業債務,,30400
アルファ工業,2025Q3,BS,短期借入金,,13700
アルファ工業,2025Q3,BS,その他流動負債,,1900
アルファ工業,2025Q3,BS,長期借入金,,25800
アルファ工業,2025Q3,BS,その他固定負債,,1600
アルファ工業,2025Q3,BS,退職給付引当金,,5100
アルファ工業,2025Q3,BS,純資産合計,,63000
アルファ工業,2025Q3,PL,売上高,,81700
アルファ工業,2025Q3,PL,営業利益,,3300
アルファ工業,2025Q3,PL,税引前当期純利益,,2700
アルファ工業,2025Q3,PL,減価償却費,,3300
アルファ工業,2025Q3,PL,受取利息及び受取配当金,,400
アルファ工業,2025Q3,PL,支払利息,,1000
アルファ工業,2025Q3,PL,法人税等,,900
アルファ工業,2025Q3,SS,剰余金の配当(配当金の支払額),,700
アルファ工業,2025Q3,SS,自己株式の処分,,1300
アルファ工業,2025Q4,BS,現金及び預金,,42100
アルファ工業,2025Q4,BS,預け金,,10000
アルファ工業,2025Q4,BS,営業債権,,31500
アルファ工業,2025Q4,BS,棚卸資産,,5900
アルファ工業,2025Q4,BS,その他流動資産,,2400
アルファ工業,2025Q4,BS,有形固定資産(純額),,46700
アルファ工業,2025Q4,BS,投資その他の資産,,7900
アルファ工業,2025Q4,BS,営業債務,,30500
アルファ工業,2025Q4,BS,短期借入金,,15200
アルファ工業,2025Q4,BS,その他流動負債,,2400
アルファ工業,2025Q4,BS,長期借入金,,27900
アルファ工業,2025Q4,BS,その他固定負債,,1600
アルファ工業,2025Q4,BS,退職給付引当金,,5200
アルファ工業,2025Q4,BS,純資産合計,,63700
アルファ工業,2025Q4,PL,売上高,,81800
アルファ工業,2025Q4,PL,営業利益,,2000
アルファ工業,2025Q4,PL,税引前当期純利益,,1100
アルファ工業,2025Q4,PL,減価償却費,,2400
アルファ工業,2025Q4,PL,受取利息及び受取配当金,,300
アルファ工業,2025Q4,PL,支払利息,,1200
アルファ工業,2025Q4,PL,法人税等,,400
アルファ工業,2026Q1,BS,現金及び預金,,54400
アルファ工業,2026Q1,BS,預け金,,10900
アルファ工業,2026Q1,BS,営業債権,,29300
アルファ工業,2026Q1,BS,棚卸資産,,4600
アルファ工業,2026Q1,BS,その他流動資産,,2300
アルファ工業,2026Q1,BS,有形固定資産(純額),,45100
アルファ工業,2026Q1,BS,投資その他の資産,,9300
アルファ工業,2026Q1,BS,営業債務,,33000
アルファ工業,2026Q1,BS,短期借入金,,18200
アルファ工業,2026Q1,BS,その他流動負債,,1900
アルファ工業,2026Q1,BS,長期借入金,,30500
アルファ工業,2026Q1,BS,その他固定負債,,1400
アルファ工業,2026Q1,BS,退職給付引当金,,6000
アルファ工業,2026Q1,BS,純資産合計,,64900
アルファ工業,2026Q1,PL,売上高,,79900
アルファ工業,2026Q1,PL,営業利益,,2600
アルファ工業,2026Q1,PL,税引前当期純利益,,2300
アルファ工業,2026Q1,PL,減価償却費,,4800
アルファ工業,2026Q1,PL,受取利息及び受取配当金,,100
アルファ工業,2026Q1,PL,支払利息,,400
アルファ工業,2026Q1,PL,法人税等,,700
アルファ工業,2026Q1,SS,剰余金の配当(配当金の支払額),,400
ブライト電機,2023Q4,BS,現金及び預金,12400,6200
ブライト電機,2023Q4,BS,預け金,3800,5400
ブライト電機,2023Q4,BS,営業債権,19200,17600
ブライト電機,2023Q4,BS,棚卸資産,6100,7300
ブライト電機,2023Q4,BS,その他流動資産,2800,3300
ブライト電機,2023Q4,BS,有形固定資産(純額),21300,23200
ブライト電機,2023Q4,BS,投資その他の資産,2200,3600
ブライト電機,2023Q4,BS,営業債務,15100,14000
ブライト電機,2023Q4,BS,短期借入金,2700,4500
ブライト電機,2023Q4,BS,その他流動負債,3200,2300
ブライト電機,2023Q4,BS,長期借入金,11800,7800
ブライト電機,2023Q4,BS,その他固定負債,5700,6100
ブライト電機,2023Q4,BS,退職給付引当金,6800,7000
ブライト電機,2023Q4,BS,純資産合計,22500,24900
ブライト電機,2023Q4,PL,売上高,,48800
ブライト電機,2023Q4,PL,営業利益,,4400
ブライト電機,2023Q4,PL,税引前当期純利益,,3600
ブライト電機,2023Q4,PL,減価償却費,,3000
ブライト電機,2023Q4,PL,受取利息及び受取配当金,,100
ブライト電機,2023Q4,PL,支払利息,,900
ブライト電機,2023Q4,PL,法人税等,,1200
ブライト電機,2024Q1,BS,現金及び預金,,3500
ブライト電機,2024Q1,BS,預け金,,8200
ブライト電機,2024Q1,BS,営業債権,,19200
ブライト電機,2024Q1,BS,棚卸資産,,5800
ブライト電機,2024Q1,BS,その他流動資産,,2800
ブライト電機,2024Q1,BS,有形固定資産(純額),,23000
ブライト電機,2024Q1,BS,投資その他の資産,,4200
ブライト電機,2024Q1,BS,営業債務,,13400
ブライト電機,2024Q1,BS,短期借入金,,1800
ブライト電機,2024Q1,BS,その他流動負債,,1900
ブライト電機,2024Q1,BS,長期借入金,,9100
ブライト電機,2024Q1,BS,その他固定負債,,6900
ブライト電機,2024Q1,BS,退職給付引当金,,6900
ブライト電機,2024Q1,BS,純資産合計,,26700
ブライト電機,2024Q1,PL,売上高,,47500
ブライト電機,2024Q1,PL,営業利益,,4100
ブライト電機,2024Q1,PL,税引前当期純利益,,3300
ブライト電機,2024Q1,PL,減価償却費,,1600
ブライト電機,2024Q1,PL,受取利息及び受取配当金,,100
ブライト電機,2024Q1,PL,支払利息,,900
ブライト電機,2024Q1,PL,法人税等,,1100
ブライト電機,2024Q1,SS,剰余金の配当(配当金の支払額),,400
ブライト電機,2024Q2,BS,現金及び預金,,1200
ブライト電機,2024Q2,BS,預け金,,6700
ブライト電機,2024Q2,BS,営業債権,,21700
ブライト電機,2024Q2,BS,棚卸資産,,5600
ブライト電機,2024Q2,BS,その他流動資産,,2600
ブライト電機,2024Q2,BS,有形固定資産(純額),,25300
ブライト電機,2024Q2,BS,投資その他の資産,,5500
ブライト電機,2024Q2,BS,営業債務,,12200
ブライト電機,2024Q2,BS,短期借入金,,4500
ブライト電機,2024Q2,BS,その他流動負債,,2200
ブライト電機,2024Q2,BS,長期借入金,,8600
ブライト電機,2024Q2,BS,その他固定負債,,6600
ブライト電機,2024Q2,BS,退職給付引当金,,6900
ブライト電機,2024Q2,BS,純資産合計,,27600
ブライト電機,2024Q2,PL,売上高,,47000
ブライト電機,2024Q2,PL,営業利益,,2100
ブライト電機,2024Q2,PL,税引前当期純利益,,1300
ブライト電機,2024Q2,PL,減価償却費,,2200
ブライト電機,2024Q2,PL,受取利息及び受取配当金,,300
ブライト電機,2024Q2,PL,支払利息,,1100
ブライト電機,2024Q2,PL,法人税等,,400
ブライト電機,2024Q3,BS,現金及び預金,,500
ブライト電機,2024Q3,BS,預け金,,4300
ブライト電機,2024Q3,BS,営業債権,,24300
ブライト電機,2024Q3,BS,棚卸資産,,6300
ブライト電機,2024Q3,BS,その他流動資産,,2500
ブライト電機,2024Q3,BS,有形固定資産(純額),,27600
ブライト電機,2024Q3,BS,投資その他の資産,,6500
ブライト電機,2024Q3,BS,営業債務,,12800
ブライト電機,2024Q3,BS,短期借入金,,4600
ブライト電機,2024Q3,BS,その他流動負債,,1300
ブライト電機,2024Q3,BS,長期借入金,,8400
ブライト電機,2024Q3,BS,その他固定負債,,6700
ブライト電機,2024Q3,BS,退職給付引当金,,7600
ブライト電機,2024Q3,BS,純資産合計,,30600
ブライト電機,2024Q3,PL,売上高,,47100
ブライト電機,2024Q3,PL,営業利益,,6800
ブライト電機,2024Q3,PL,税引前当期純利益,,5900
ブライト電機,2024Q3,PL,減価償却費,,3900
ブライト電機,2024Q3,PL,受取利息及び受取配当金,,200
ブライト電機,2024Q3,PL,支払利息,,700
ブライト電機,2024Q3,PL,固定資産売却損益(益は+、損は−),,-400
ブライト電機,2024Q3,PL,法人税等,,1900
ブライト電機,2024Q3,補足,有形固定資産の売却による収入,,1700
ブライト電機,2024Q3,SS,剰余金の配当(配当金の支払額),,1000
ブライト電機,2024Q4,BS,現金及び預金,,500
ブライト電機,2024Q4,BS,預け金,,4400
ブライト電機,2024Q4,BS,営業債権,,28000
ブライト電機,2024Q4,BS,棚卸資産,,8000
ブライト電機,2024Q4,BS,その他流動資産,,2800
ブライト電機,2024Q4,BS,有形固定資産(純額),,30300
ブライト電機,2024Q4,BS,投資その他の資産,,7800
ブライト電機,2024Q4,BS,営業債務,,12700
ブライト電機,2024Q4,BS,短期借入金,,11800
ブライト電機,2024Q4,BS,その他流動負債,,1400
ブライト電機,2024Q4,BS,長期借入金,,11800
ブライト電機,2024Q4,BS,その他固定負債,,6600
ブライト電機,2024Q4,BS,退職給付引当金,,7300
ブライト電機,2024Q4,BS,純資産合計,,30200
ブライト電機,2024Q4,PL,売上高,,45300
ブライト電機,2024Q4,PL,営業利益,,-500
ブライト電機,2024Q4,PL,税引前当期純利益,,-400
ブライト電機,2024Q4,PL,減価償却費,,1800
ブライト電機,2024Q4,PL,受取利息及び受取配当金,,400
ブライト電機,2024Q4,PL,支払利息,,300
ブライト電機,2025Q1,BS,現金及び預金,,2700
ブライト電機,2025Q1,BS,預け金,,3400
ブライト電機,2025Q1,BS,営業債権,,30300
ブライト電機,2025Q1,BS,棚卸資産,,10400
ブライト電機,2025Q1,BS,その他流動資産,,2700
ブライト電機,2025Q1,BS,有形固定資産(純額),,29700
ブライト電機,2025Q1,BS,投資その他の資産,,9300
ブライト電機,2025Q1,BS,営業債務,,15700
ブライト電機,2025Q1,BS,短期借入金,,11600
ブライト電機,2025Q1,BS,その他流動負債,,2400
ブライト電機,2025Q1,BS,長期借入金,,11900
ブライト電機,2025Q1,BS,その他固定負債,,6300
ブライト電機,2025Q1,BS,退職給付引当金,,7700
ブライト電機,2025Q1,BS,純資産合計,,32900
ブライト電機,2025Q1,PL,売上高,,45600
ブライト電機,2025Q1,PL,営業利益,,6700
ブライト電機,2025Q1,PL,税引前当期純利益,,7100
ブライト電機,2025Q1,PL,減価償却費,,4900
ブライト電機,2025Q1,PL,受取利息及び受取配当金,,100
ブライト電機,2025Q1,PL,支払利息,,400
ブライト電機,2025Q1,PL,固定資産売却損益(益は+、損は−),,700
ブライト電機,2025Q1,PL,法人税等,,2300
ブライト電機,2025Q1,補足,有形固定資産の売却による収入,,2500
ブライト電機,2025Q1,SS,剰余金の配当(配当金の支払額),,2100
ブライト電機,2025Q2,BS,現金及び預金,,5300
ブライト電機,2025Q2,BS,預け金,,5600
ブライト電機,2025Q2,BS,営業債権,,28700
ブライト電機,2025Q2,BS,棚卸資産,,12600
ブライト電機,2025Q2,BS,その他流動資産,,3200
ブライト電機,2025Q2,BS,有形固定資産(純額),,27900
ブライト電機,2025Q2,BS,投資その他の資産,,9000
ブライト電機,2025Q2,BS,営業債務,,17800
ブライト電機,2025Q2,BS,短期借入金,,10400
ブライト電機,2025Q2,BS,その他流動負債,,1900
ブライト電機,2025Q2,BS,長期借入金,,8200
ブライト電機,2025Q2,BS,その他固定負債,,7000
ブライト電機,2025Q2,BS,退職給付引当金,,7500
ブライト電機,2025Q2,BS,純資産合計,,39500
ブライト電機,2025Q2,PL,売上高,,44600
ブライト電機,2025Q2,PL,営業利益,,4500
ブライト電機,2025Q2,PL,税引前当期純利益,,4200
ブライト電機,2025Q2,PL,減価償却費,,4600
ブライト電機,2025Q2,PL,受取利息及び受取配当金,,300
ブライト電機,2025Q2,PL,支払利息,,700
ブライト電機,2025Q2,PL,固定資産売却損益(益は+、損は−),,100
ブライト電機,2025Q2,PL,法人税等,,1300
ブライト電機,2025Q2,補足,有形固定資産の売却による収入,,1100
ブライト電機,2025Q2,SS,新株の発行(増資),,6000
ブライト電機,2025Q2,SS,自己株式の取得,,2300
ブライト電機,2025Q3,BS,現金及び預金,,18500
ブライト電機,2025Q3,BS,預け金,,3200
ブライト電機,2025Q3,BS,営業債権,,26600
ブライト電機,2025Q3,BS,棚卸資産,,10800
ブライト電機,2025Q3,BS,その他流動資産,,3000
ブライト電機,2025Q3,BS,有形固定資産(純額),,26300
ブライト電機,2025Q3,BS,投資その他の資産,,8500
ブライト電機,2025Q3,BS,営業債務,,19600
ブライト電機,2025Q3,BS,短期借入金,,8900
ブライト電機,2025Q3,BS,その他流動負債,,2700
ブライト電機,2025Q3,BS,長期借入金,,10400
ブライト電機,2025Q3,BS,その他固定負債,,7700
ブライト電機,2025Q3,BS,退職給付引当金,,7500
ブライト電機,2025Q3,BS,純資産合計,,40100
ブライト電機,2025Q3,PL,売上高,,44600
ブライト電機,2025Q3,PL,営業利益,,1300
ブライト電機,2025Q3,PL,税引前当期純利益,,1100
ブライト電機,2025Q3,PL,減価償却費,,4700
ブライト電機,2025Q3,PL,受取利息及び受取配当金,,200
ブライト電機,2025Q3,PL,支払利息,,1000
ブライト電機,2025Q3,PL,固定資産売却損益(益は+、損は−),,600
ブライト電機,2025Q3,PL,法人税等,,400
ブライト電機,2025Q3,補足,有形固定資産の売却による収入,,1500
ブライト電機,2025Q3,SS,剰余金の配当(配当金の支払額),,100
ブライト電機,2025Q4,BS,現金及び預金,,9800
ブライト電機,2025Q4,BS,預け金,,2400
ブライト電機,2025Q4,BS,営業債権,,29700
ブライト電機,2025Q4,BS,棚卸資産,,10200
ブライト電機,2025Q4,BS,その他流動資産,,3400
ブライト電機,2025Q4,BS,有形固定資産(純額),,28200
ブライト電機,2025Q4,BS,投資その他の資産,,9300
ブライト電機,2025Q4,BS,営業債務,,17300
ブライト電機,2025Q4,BS,短期借入金,,8400
ブライト電機,2025Q4,BS,その他流動負債,,2600
ブライト電機,2025Q4,BS,長期借入金,,10700
ブライト電機,2025Q4,BS,その他固定負債,,7900
ブライト電機,2025Q4,BS,退職給付引当金,,7300
ブライト電機,2025Q4,BS,純資産合計,,38800
ブライト電機,2025Q4,PL,売上高,,42400
ブライト電機,2025Q4,PL,営業利益,,-200
ブライト電機,2025Q4,PL,税引前当期純利益,,-1300
ブライト電機,2025Q4,PL,減価償却費,,2600
ブライト電機,2025Q4,PL,受取利息及び受取配当金,,400
ブライト電機,2025Q4,PL,支払利息,,1100
ブライト電機,2025Q4,PL,固定資産売却損益(益は+、損は−),,-400
ブライト電機,2025Q4,補足,有形固定資産の売却による収入,,3700
ブライト電機,2026Q1,BS,現金及び預金,,5200
ブライト電機,2026Q1,BS,預け金,,1300
ブライト電機,2026Q1,BS,営業債権,,31900
ブライト電機,2026Q1,BS,棚卸資産,,12100
ブライト電機,2026Q1,BS,その他流動資産,,3200
ブライト電機,2026Q1,BS,有形固定資産(純額),,33100
ブライト電機,2026Q1,BS,投資その他の資産,,9300
ブライト電機,2026Q1,BS,営業債務,,17300
ブライト電機,2026Q1,BS,短期借入金,,9400
ブライト電機,2026Q1,BS,その他流動負債,,2700
ブライト電機,2026Q1,BS,長期借入金,,8400
ブライト電機,2026Q1,BS,その他固定負債,,7900
ブライト電機,2026Q1,BS,退職給付引当金,,8100
ブライト電機,2026Q1,BS,純資産合計,,42300
ブライト電機,2026Q1,PL,売上高,,40300
ブライト電機,2026Q1,PL,営業利益,,6300
ブライト電機,2026Q1,PL,税引前当期純利益,,6500
ブライト電機,2026Q1,PL,減価償却費,,3400
ブライト電機,2026Q1,PL,受取利息及び受取配当金,,300
ブライト電機,2026Q1,PL,支払利息,,100
ブライト電機,2026Q1,PL,法人税等,,2100
ブライト電機,2026Q1,SS,剰余金の配当(配当金の支払額),,900
シーサイド物流,2023Q4,BS,現金及び預金,13400,1400
シーサイド物流,2023Q4,BS,預け金,6700,9200
シーサイド物流,2023Q4,BS,営業債権,21100,22900
シーサイド物流,2023Q4,BS,棚卸資産,7500,8500
シーサイド物流,2023Q4,BS,その他流動資産,3400,4100
シーサイド物流,2023Q4,BS,有形固定資産(純額),40900,43800
シーサイド物流,2023Q4,BS,投資その他の資産,6700,7100
シーサイド物流,2023Q4,BS,営業債務,6800,9200
シーサイド物流,2023Q4,BS,短期借入金,2400,200
シーサイド物流,2023Q4,BS,その他流動負債,3200,3100
シーサイド物流,2023Q4,BS,長期借入金,26700,24300
シーサイド物流,2023Q4,BS,その他固定負債,2200,2300
シーサイド物流,2023Q4,BS,退職給付引当金,8100,8300
シーサイド物流,2023Q4,BS,純資産合計,50300,49600
シーサイド物流,2023Q4,PL,売上高,,74800
シーサイド物流,2023Q4,PL,営業利益,,-800
シーサイド物流,2023Q4,PL,税引前当期純利益,,-700
シーサイド物流,2023Q4,PL,減価償却費,,2600
シーサイド物流,2023Q4,PL,受取利息及び受取配当金,,400
シーサイド物流,2023Q4,PL,支払利息,,300
シーサイド物流,2024Q1,BS,現金及び預金,,1900
シーサイド物流,2024Q1,BS,預け金,,8800
シーサイド物流,2024Q1,BS,営業債権,,25600
シーサイド物流,2024Q1,BS,棚卸資産,,9500
シーサイド物流,2024Q1,BS,その他流動資産,,3600
シーサイド物流,2024Q1,BS,有形固定資産(純額),,47600
シーサイド物流,2024Q1,BS,投資その他の資産,,6900
シーサイド物流,2024Q1,BS,営業債務,,12000
シーサイド物流,2024Q1,BS,短期借入金,,2000
シーサイド物流,2024Q1,BS,その他流動負債,,3000
シーサイド物流,2024Q1,BS,長期借入金,,24200
シーサイド物流,2024Q1,BS,その他固定負債,,2800
シーサイド物流,2024Q1,BS,退職給付引当金,,9100
シーサイド物流,2024Q1,BS,純資産合計,,50800
シーサイド物流,2024Q1,PL,売上高,,78000
シーサイド物流,2024Q1,PL,営業利益,,2400
シーサイド物流,2024Q1,PL,税引前当期純利益,,2400
シーサイド物流,2024Q1,PL,減価償却費,,3900
シーサイド物流,2024Q1,PL,受取利息及び受取配当金,,300
シーサイド物流,2024Q1,PL,支払利息,,300
シーサイド物流,2024Q1,PL,法人税等,,800
シーサイド物流,2024Q1,SS,剰余金の配当(配当金の支払額),,400
シーサイド物流,2024Q2,BS,現金及び預金,,500
シーサイド物流,2024Q2,BS,預け金,,7900
シーサイド物流,2024Q2,BS,営業債権,,27500
シーサイド物流,2024Q2,BS,棚卸資産,,8200
シーサイド物流,2024Q2,BS,その他流動資産,,3300
シーサイド物流,2024Q2,BS,有形固定資産(純額),,49500
シーサイド物流,2024Q2,BS,投資その他の資産,,6600
シーサイド物流,2024Q2,BS,営業債務,,10400
シーサイド物流,2024Q2,BS,短期借入金,,6100
シーサイド物流,2024Q2,BS,その他流動負債,,3300
シーサイド物流,2024Q2,BS,長期借入金,,21600
シーサイド物流,2024Q2,BS,その他固定負債,,2400
シーサイド物流,2024Q2,BS,退職給付引当金,,9700
シーサイド物流,2024Q2,BS,純資産合計,,50000
シーサイド物流,2024Q2,PL,売上高,,81700
シーサイド物流,2024Q2,PL,営業利益,,-200
シーサイド物流,2024Q2,PL,税引前当期純利益,,-800
シーサイド物流,2024Q2,PL,減価償却費,,2300
シーサイド物流,2024Q2,PL,受取利息及び受取配当金,,300
シーサイド物流,2024Q2,PL,支払利息,,900
シーサイド物流,2024Q3,BS,現金及び預金,,500
シーサイド物流,2024Q3,BS,預け金,,5700
シーサイド物流,2024Q3,BS,営業債権,,30800
シーサイド物流,2024Q3,BS,棚卸資産,,9900
シーサイド物流,2024Q3,BS,その他流動資産,,3000
シーサイド物流,2024Q3,BS,有形固定資産(純額),,51600
シーサイド物流,2024Q3,BS,投資その他の資産,,7500
シーサイド物流,2024Q3,BS,営業債務,,8200
シーサイド物流,2024Q3,BS,短期借入金,,10600
シーサイド物流,2024Q3,BS,その他流動負債,,4100
シーサイド物流,2024Q3,BS,長期借入金,,21400
シーサイド物流,2024Q3,BS,その他固定負債,,2300
シーサイド物流,2024Q3,BS,退職給付引当金,,10500
シーサイド物流,2024Q3,BS,純資産合計,,51900
シーサイド物流,2024Q3,PL,売上高,,87400
シーサイド物流,2024Q3,PL,営業利益,,4400
シーサイド物流,2024Q3,PL,税引前当期純利益,,4500
シーサイド物流,2024Q3,PL,減価償却費,,5400
シーサイド物流,2024Q3,PL,支払利息,,500
シーサイド物流,2024Q3,PL,固定資産売却損益(益は+、損は−),,600
シーサイド物流,2024Q3,PL,法人税等,,1400
シーサイド物流,2024Q3,補足,有形固定資産の売却による収入,,1100
シーサイド物流,2024Q3,SS,剰余金の配当(配当金の支払額),,1200
シーサイド物流,2024Q4,BS,現金及び預金,,10500
シーサイド物流,2024Q4,BS,預け金,,5500
シーサイド物流,2024Q4,BS,営業債権,,34000
シーサイド物流,2024Q4,BS,棚卸資産,,12400
シーサイド物流,2024Q4,BS,その他流動資産,,3900
シーサイド物流,2024Q4,BS,有形固定資産(純額),,50900
シーサイド物流,2024Q4,BS,投資その他の資産,,8700
シーサイド物流,2024Q4,BS,営業債務,,10800
シーサイド物流,2024Q4,BS,短期借入金,,12200
シーサイド物流,2024Q4,BS,その他流動負債,,3500
シーサイド物流,2024Q4,BS,長期借入金,,23600
シーサイド物流,2024Q4,BS,その他固定負債,,2700
シーサイド物流,2024Q4,BS,退職給付引当金,,11300
シーサイド物流,2024Q4,BS,純資産合計,,61800
シーサイド物流,2024Q4,PL,売上高,,89100
シーサイド物流,2024Q4,PL,営業利益,,13900
シーサイド物流,2024Q4,PL,税引前当期純利益,,14600
シーサイド物流,2024Q4,PL,減価償却費,,2600
シーサイド物流,2024Q4,PL,受取利息及び受取配当金,,200
シーサイド物流,2024Q4,PL,支払利息,,300
シーサイド物流,2024Q4,PL,固定資産売却損益(益は+、損は−),,800
シーサイド物流,2024Q4,PL,法人税等,,4700
シーサイド物流,2024Q4,補足,有形固定資産の売却による収入,,2700
シーサイド物流,2025Q1,BS,現金及び預金,,11200
シーサイド物流,2025Q1,BS,預け金,,7400
シーサイド物流,2025Q1,BS,営業債権,,34800
シーサイド物流,2025Q1,BS,棚卸資産,,14100
シーサイド物流,2025Q1,BS,その他流動資産,,4000
シーサイド物流,2025Q1,BS,有形固定資産(純額),,48900
シーサイド物流,2025Q1,BS,投資その他の資産,,8300
シーサイド物流,2025Q1,BS,営業債務,,13300
シーサイド物流,2025Q1,BS,短期借入金,,9400
シーサイド物流,2025Q1,BS,その他流動負債,,2900
シーサイド物流,2025Q1,BS,長期借入金,,24400
シーサイド物流,2025Q1,BS,その他固定負債,,3400
シーサイド物流,2025Q1,BS,退職給付引当金,,11800
シーサイド物流,2025Q1,BS,純資産合計,,63500
シーサイド物流,2025Q1,PL,売上高,,91100
シーサイド物流,2025Q1,PL,営業利益,,2900
シーサイド物流,2025Q1,PL,税引前当期純利益,,2500
シーサイド物流,2025Q1,PL,減価償却費,,5400
シーサイド物流,2025Q1,PL,受取利息及び受取配当金,,200
シーサイド物流,2025Q1,PL,支払利息,,200
シーサイド物流,2025Q1,PL,固定資産売却損益(益は+、損は−),,-400
シーサイド物流,2025Q1,PL,法人税等,,800
シーサイド物流,2025Q1,補足,有形固定資産の売却による収入,,1500
シーサイド物流,2025Q2,BS,現金及び預金,,17400
シーサイド物流,2025Q2,BS,預け金,,8800
シーサイド物流,2025Q2,BS,営業債権,,32900
シーサイド物流,2025Q2,BS,棚卸資産,,16100
シーサイド物流,2025Q2,BS,その他流動資産,,4100
シーサイド物流,2025Q2,BS,有形固定資産(純額),,53000
シーサイド物流,2025Q2,BS,投資その他の資産,,8500
シーサイド物流,2025Q2,BS,営業債務,,13700
シーサイド物流,2025Q2,BS,短期借入金,,11100
シーサイド物流,2025Q2,BS,その他流動負債,,3800
シーサイド物流,2025Q2,BS,長期借入金,,26600
シーサイド物流,2025Q2,BS,その他固定負債,,2900
シーサイド物流,2025Q2,BS,退職給付引当金,,12100
シーサイド物流,2025Q2,BS,純資産合計,,70600
シーサイド物流,2025Q2,PL,売上高,,93100
シーサイド物流,2025Q2,PL,営業利益,,10500
シーサイド物流,2025Q2,PL,税引前当期純利益,,10500
シーサイド物流,2025Q2,PL,減価償却費,,3800
シーサイド物流,2025Q2,PL,受取利息及び受取配当金,,200
シーサイド物流,2025Q2,PL,支払利息,,200
シーサイド物流,2025Q2,PL,法人税等,,3400
シーサイド物流,2025Q3,BS,現金及び預金,,13600
シーサイド物流,2025Q3,BS,預け金,,8000
シーサイド物流,2025Q3,BS,営業債権,,33600
シーサイド物流,2025Q3,BS,棚卸資産,,18300
シーサイド物流,2025Q3,BS,その他流動資産,,5000
シーサイド物流,2025Q3,BS,有形固定資産(純額),,56100
シーサイド物流,2025Q3,BS,投資その他の資産,,8200
シーサイド物流,2025Q3,BS,営業債務,,15700
シーサイド物流,2025Q3,BS,短期借入金,,13500
シーサイド物流,2025Q3,BS,その他流動負債,,3000
シーサイド物流,2025Q3,BS,長期借入金,,25900
シーサイド物流,2025Q3,BS,その他固定負債,,3200
シーサイド物流,2025Q3,BS,退職給付引当金,,12700
シーサイド物流,2025Q3,BS,純資産合計,,68800
シーサイド物流,2025Q3,PL,売上高,,97700
シーサイド物流,2025Q3,PL,営業利益,,-900
シーサイド物流,2025Q3,PL,税引前当期純利益,,-1800
シーサイド物流,2025Q3,PL,減価償却費,,4800
シーサイド物流,2025Q3,PL,受取利息及び受取配当金,,200
シーサイド物流,2025Q3,PL,支払利息,,1100
シーサイド物流,2025Q4,BS,現金及び預金,,25000
シーサイド物流,2025Q4,BS,預け金,,9700
シーサイド物流,2025Q4,BS,営業債権,,31800
シーサイド物流,2025Q4,BS,棚卸資産,,18300
シーサイド物流,2025Q4,BS,その他流動資産,,5400
シーサイド物流,2025Q4,BS,有形固定資産(純額),,61100
シーサイド物流,2025Q4,BS,投資その他の資産,,9300
シーサイド物流,2025Q4,BS,営業債務,,17700
シーサイド物流,2025Q4,BS,短期借入金,,16400
シーサイド物流,2025Q4,BS,その他流動負債,,3300
シーサイド物流,2025Q4,BS,長期借入金,,28600
シーサイド物流,2025Q4,BS,その他固定負債,,3000
シーサイド物流,2025Q4,BS,退職給付引当金,,13300
シーサイド物流,2025Q4,BS,純資産合計,,78300
シーサイド物流,2025Q4,PL,売上高,,100800
シーサイド物流,2025Q4,PL,営業利益,,15000
シーサイド物流,2025Q4,PL,税引前当期純利益,,13900
シーサイド物流,2025Q4,PL,減価償却費,,3100
シーサイド物流,2025Q4,PL,受取利息及び受取配当金,,200
シーサイド物流,2025Q4,PL,支払利息,,1100
シーサイド物流,2025Q4,PL,固定資産売却損益(益は+、損は−),,-200
シーサイド物流,2025Q4,PL,法人税等,,4400
シーサイド物流,2025Q4,補足,有形固定資産の売却による収入,,900
シーサイド物流,2026Q1,BS,現金及び預金,,28400
シーサイド物流,2026Q1,BS,預け金,,7400
シーサイド物流,2026Q1,BS,営業債権,,34500
シーサイド物流,2026Q1,BS,棚卸資産,,19500
シーサイド物流,2026Q1,BS,その他流動資産,,5100
シーサイド物流,2026Q1,BS,有形固定資産(純額),,61700
シーサイド物流,2026Q1,BS,投資その他の資産,,10600
シーサイド物流,2026Q1,BS,営業債務,,17000
シーサイド物流,2026Q1,BS,短期借入金,,17700
シーサイド物流,2026Q1,BS,その他流動負債,,3300
シーサイド物流,2026Q1,BS,長期借入金,,30100
シーサイド物流,2026Q1,BS,その他固定負債,,2500
シーサイド物流,2026Q1,BS,退職給付引当金,,13800
シーサイド物流,2026Q1,BS,純資産合計,,82800
シーサイド物流,2026Q1,PL,売上高,,105700
シーサイド物流,2026Q1,PL,営業利益,,12000
シーサイド物流,2026Q1,PL,税引前当期純利益,,11100
シーサイド物流,2026Q1,PL,減価償却費,,2800
シーサイド物流,2026Q1,PL,支払利息,,900
シーサイド物流,2026Q1,PL,法人税等,,3600
シーサイド物流,2026Q1,SS,剰余金の配当(配当金の支払額),,3000
ダイワ精密,2023Q4,BS,現金及び預金,16600,25800
ダイワ精密,2023Q4,BS,預け金,10800,8700
ダイワ精密,2023Q4,BS,営業債権,13600,10800
ダイワ精密,2023Q4,BS,棚卸資産,9700,9100
ダイワ精密,2023Q4,BS,その他流動資産,1500,1100
ダイワ精密,2023Q4,BS,有形固定資産(純額),33700,35100
ダイワ精密,2023Q4,BS,投資その他の資産,3100,2700
ダイワ精密,2023Q4,BS,営業債務,6500,6400
ダイワ精密,2023Q4,BS,短期借入金,5500,8300
ダイワ精密,2023Q4,BS,その他流動負債,4600,5500
ダイワ精密,2023Q4,BS,長期借入金,27700,28100
ダイワ精密,2023Q4,BS,その他固定負債,3100,2600
ダイワ精密,2023Q4,BS,退職給付引当金,5800,6100
ダイワ精密,2023Q4,BS,純資産合計,35800,36300
ダイワ精密,2023Q4,PL,売上高,,37800
ダイワ精密,2023Q4,PL,営業利益,,2100
ダイワ精密,2023Q4,PL,税引前当期純利益,,700
ダイワ精密,2023Q4,PL,減価償却費,,1600
ダイワ精密,2023Q4,PL,受取利息及び受取配当金,,200
ダイワ精密,2023Q4,PL,支払利息,,1000
ダイワ精密,2023Q4,PL,固定資産売却損益(益は+、損は−),,-600
ダイワ精密,2023Q4,PL,法人税等,,200
ダイワ精密,2023Q4,補足,有形固定資産の売却による収入,,1100
ダイワ精密,2024Q1,BS,現金及び預金,,24300
ダイワ精密,2024Q1,BS,預け金,,10800
ダイワ精密,2024Q1,BS,営業債権,,10000
ダイワ精密,2024Q1,BS,棚卸資産,,7100
ダイワ精密,2024Q1,BS,その他流動資産,,1400
ダイワ精密,2024Q1,BS,有形固定資産(純額),,38700
ダイワ精密,2024Q1,BS,投資その他の資産,,1900
ダイワ精密,2024Q1,BS,営業債務,,9300
ダイワ精密,2024Q1,BS,短期借入金,,6500
ダイワ精密,2024Q1,BS,その他流動負債,,4700
ダイワ精密,2024Q1,BS,長期借入金,,26500
ダイワ精密,2024Q1,BS,その他固定負債,,2300
ダイワ精密,2024Q1,BS,退職給付引当金,,6600
ダイワ精密,2024Q1,BS,純資産合計,,38300
ダイワ精密,2024Q1,PL,売上高,,37800
ダイワ精密,2024Q1,PL,営業利益,,4500
ダイワ精密,2024Q1,PL,税引前当期純利益,,3500
ダイワ精密,2024Q1,PL,減価償却費,,3100
ダイワ精密,2024Q1,PL,受取利息及び受取配当金,,300
ダイワ精密,2024Q1,PL,支払利息,,800
ダイワ精密,2024Q1,PL,固定資産売却損益(益は+、損は−),,-500
ダイワ精密,2024Q1,PL,法人税等,,1100
ダイワ精密,2024Q1,補足,有形固定資産の売却による収入,,3300
ダイワ精密,2024Q1,SS,剰余金の配当(配当金の支払額),,400
ダイワ精密,2024Q2,BS,現金及び預金,,25200
ダイワ精密,2024Q2,BS,預け金,,11900
ダイワ精密,2024Q2,BS,営業債権,,13400
ダイワ精密,2024Q2,BS,棚卸資産,,7000
ダイワ精密,2024Q2,BS,その他流動資産,,1700
ダイワ精密,2024Q2,BS,有形固定資産(純額),,37400
ダイワ精密,2024Q2,BS,投資その他の資産,,3200
ダイワ精密,2024Q2,BS,営業債務,,11800
ダイワ精密,2024Q2,BS,短期借入金,,6800
ダイワ精密,2024Q2,BS,その他流動負債,,5500
ダイワ精密,2024Q2,BS,長期借入金,,24000
ダイワ精密,2024Q2,BS,その他固定負債,,2200
ダイワ精密,2024Q2,BS,退職給付引当金,,7200
ダイワ精密,2024Q2,BS,純資産合計,,42300
ダイワ精密,2024Q2,PL,売上高,,39600
ダイワ精密,2024Q2,PL,営業利益,,5900
ダイワ精密,2024Q2,PL,税引前当期純利益,,5900
ダイワ精密,2024Q2,PL,減価償却費,,4600
ダイワ精密,2024Q2,PL,受取利息及び受取配当金,,200
ダイワ精密,2024Q2,PL,支払利息,,200
ダイワ精密,2024Q2,PL,法人税等,,1900
ダイワ精密,2024Q3,BS,現金及び預金,,26200
ダイワ精密,2024Q3,BS,預け金,,10100
ダイワ精密,2024Q3,BS,営業債権,,14100
ダイワ精密,2024Q3,BS,棚卸資産,,7400
ダイワ精密,2024Q3,BS,その他流動資産,,1700
ダイワ精密,2024Q3,BS,有形固定資産(純額),,40200
ダイワ精密,2024Q3,BS,投資その他の資産,,3900
ダイワ精密,2024Q3,BS,営業債務,,11900
ダイワ精密,2024Q3,BS,短期借入金,,6500
ダイワ精密,2024Q3,BS,その他流動負債,,6300
ダイワ精密,2024Q3,BS,長期借入金,,25100
ダイワ精密,2024Q3,BS,その他固定負債,,3000
ダイワ精密,2024Q3,BS,退職給付引当金,,6900
ダイワ精密,2024Q3,BS,純資産合計,,43900
ダイワ精密,2024Q3,PL,売上高,,40100
ダイワ精密,2024Q3,PL,営業利益,,4100
ダイワ精密,2024Q3,PL,税引前当期純利益,,4000
ダイワ精密,2024Q3,PL,減価償却費,,3900
ダイワ精密,2024Q3,PL,受取利息及び受取配当金,,100
ダイワ精密,2024Q3,PL,支払利息,,900
ダイワ精密,2024Q3,PL,固定資産売却損益(益は+、損は−),,700
ダイワ精密,2024Q3,PL,法人税等,,1300
ダイワ精密,2024Q3,補足,有形固定資産の売却による収入,,2700
ダイワ精密,2024Q3,SS,剰余金の配当(配当金の支払額),,1100
ダイワ精密,2024Q4,BS,現金及び預金,,36000
ダイワ精密,2024Q4,BS,預け金,,8800
ダイワ精密,2024Q4,BS,営業債権,,14700
ダイワ精密,2024Q4,BS,棚卸資産,,5800
ダイワ精密,2024Q4,BS,その他流動資産,,1600
ダイワ精密,2024Q4,BS,有形固定資産(純額),,38500
ダイワ精密,2024Q4,BS,投資その他の資産,,3100
ダイワ精密,2024Q4,BS,営業債務,,9600
ダイワ精密,2024Q4,BS,短期借入金,,5700
ダイワ精密,2024Q4,BS,その他流動負債,,7200
ダイワ精密,2024Q4,BS,長期借入金,,27500
ダイワ精密,2024Q4,BS,その他固定負債,,3400
ダイワ精密,2024Q4,BS,退職給付引当金,,7700
ダイワ精密,2024Q4,BS,純資産合計,,47400
ダイワ精密,2024Q4,PL,売上高,,40400
ダイワ精密,2024Q4,PL,営業利益,,4800
ダイワ精密,2024Q4,PL,税引前当期純利益,,5100
ダイワ精密,2024Q4,PL,減価償却費,,1700
ダイワ精密,2024Q4,PL,受取利息及び受取配当金,,400
ダイワ精密,2024Q4,PL,支払利息,,100
ダイワ精密,2024Q4,PL,法人税等,,1600
ダイワ精密,2025Q1,BS,現金及び預金,,47300
ダイワ精密,2025Q1,BS,預け金,,8900
ダイワ精密,2025Q1,BS,営業債権,,11800
ダイワ精密,2025Q1,BS,棚卸資産,,5700
ダイワ精密,2025Q1,BS,その他流動資産,,2300
ダイワ精密,2025Q1,BS,有形固定資産(純額),,38200
ダイワ精密,2025Q1,BS,投資その他の資産,,2800
ダイワ精密,2025Q1,BS,営業債務,,9100
ダイワ精密,2025Q1,BS,短期借入金,,8700
ダイワ精密,2025Q1,BS,その他流動負債,,7900
ダイワ精密,2025Q1,BS,長期借入金,,30500
ダイワ精密,2025Q1,BS,その他固定負債,,3300
ダイワ精密,2025Q1,BS,退職給付引当金,,7800
ダイワ精密,2025Q1,BS,純資産合計,,49700
ダイワ精密,2025Q1,PL,売上高,,41000
ダイワ精密,2025Q1,PL,営業利益,,1900
ダイワ精密,2025Q1,PL,税引前当期純利益,,1900
ダイワ精密,2025Q1,PL,減価償却費,,3200
ダイワ精密,2025Q1,PL,受取利息及び受取配当金,,200
ダイワ精密,2025Q1,PL,支払利息,,700
ダイワ精密,2025Q1,PL,固定資産売却損益(益は+、損は−),,500
ダイワ精密,2025Q1,PL,法人税等,,600
ダイワ精密,2025Q1,補足,有形固定資産の売却による収入,,900
ダイワ精密,2025Q1,SS,剰余金の配当(配当金の支払額),,500
ダイワ精密,2025Q1,SS,自己株式の処分,,1500
ダイワ精密,2025Q2,BS,現金及び預金,,53500
ダイワ精密,2025Q2,BS,預け金,,10300
ダイワ精密,2025Q2,BS,営業債権,,9200
ダイワ精密,2025Q2,BS,棚卸資産,,6300
ダイワ精密,2025Q2,BS,その他流動資産,,2300
ダイワ精密,2025Q2,BS,有形固定資産(純額),,38200
ダイワ精密,2025Q2,BS,投資その他の資産,,2600
ダイワ精密,2025Q2,BS,営業債務,,10200
ダイワ精密,2025Q2,BS,短期借入金,,8000
ダイワ精密,2025Q2,BS,その他流動負債,,7700
ダイワ精密,2025Q2,BS,長期借入金,,32600
ダイワ精密,2025Q2,BS,その他固定負債,,3800
ダイワ精密,2025Q2,BS,退職給付引当金,,7500
ダイワ精密,2025Q2,BS,純資産合計,,52600
ダイワ精密,2025Q2,PL,売上高,,43200
ダイワ精密,2025Q2,PL,営業利益,,4400
ダイワ精密,2025Q2,PL,税引前当期純利益,,4200
ダイワ精密,2025Q2,PL,減価償却費,,5200
ダイワ精密,2025Q2,PL,受取利息及び受取配当金,,300
ダイワ精密,2025Q2,PL,支払利息,,500
ダイワ精密,2025Q2,PL,法人税等,,1300
ダイワ精密,2025Q3,BS,現金及び預金,,49300
ダイワ精密,2025Q3,BS,預け金,,9400
ダイワ精密,2025Q3,BS,営業債権,,7500
ダイワ精密,2025Q3,BS,棚卸資産,,7200
ダイワ精密,2025Q3,BS,その他流動資産,,2700
ダイワ精密,2025Q3,BS,有形固定資産(純額),,43000
ダイワ精密,2025Q3,BS,投資その他の資産,,2200
ダイワ精密,2025Q3,BS,営業債務,,7900
ダイワ精密,2025Q3,BS,短期借入金,,7300
ダイワ精密,2025Q3,BS,その他流動負債,,7600
ダイワ精密,2025Q3,BS,長期借入金,,31300
ダイワ精密,2025Q3,BS,その他固定負債,,4300
ダイワ精密,2025Q3,BS,退職給付引当金,,7600
ダイワ精密,2025Q3,BS,純資産合計,,55300
ダイワ精密,2025Q3,PL,売上高,,44700
ダイワ精密,2025Q3,PL,営業利益,,6500
ダイワ精密,2025Q3,PL,税引前当期純利益,,5600
ダイワ精密,2025Q3,PL,減価償却費,,1700
ダイワ精密,2025Q3,PL,受取利息及び受取配当金,,300
ダイワ精密,2025Q3,PL,支払利息,,1200
ダイワ精密,2025Q3,PL,法人税等,,1800
ダイワ精密,2025Q3,SS,剰余金の配当(配当金の支払額),,1100
ダイワ精密,2025Q4,BS,現金及び預金,,45800
ダイワ精密,2025Q4,BS,預け金,,10800
ダイワ精密,2025Q4,BS,営業債権,,5800
ダイワ精密,2025Q4,BS,棚卸資産,,9300
ダイワ精密,2025Q4,BS,その他流動資産,,3000
ダイワ精密,2025Q4,BS,有形固定資産(純額),,41400
ダイワ精密,2025Q4,BS,投資その他の資産,,3500
ダイワ精密,2025Q4,BS,営業債務,,7200
ダイワ精密,2025Q4,BS,短期借入金,,5200
ダイワ精密,2025Q4,BS,その他流動負債,,8600
ダイワ精密,2025Q4,BS,長期借入金,,29600
ダイワ精密,2025Q4,BS,その他固定負債,,4700
ダイワ精密,2025Q4,BS,退職給付引当金,,7700
ダイワ精密,2025Q4,BS,純資産合計,,56600
ダイワ精密,2025Q4,PL,売上高,,45300
ダイワ精密,2025Q4,PL,営業利益,,1200
ダイワ精密,2025Q4,PL,税引前当期純利益,,1900
ダイワ精密,2025Q4,PL,減価償却費,,3600
ダイワ精密,2025Q4,PL,支払利息,,200
ダイワ精密,2025Q4,PL,固定資産売却損益(益は+、損は−),,900
ダイワ精密,2025Q4,PL,法人税等,,600
ダイワ精密,2025Q4,補足,有形固定資産の売却による収入,,2500
ダイワ精密,2026Q1,BS,現金及び預金,,45500
ダイワ精密,2026Q1,BS,預け金,,12900
ダイワ精密,2026Q1,BS,営業債権,,5800
ダイワ精密,2026Q1,BS,棚卸資産,,8300
ダイワ精密,2026Q1,BS,その他流動資産,,2500
ダイワ精密,2026Q1,BS,有形固定資産(純額),,40300
ダイワ精密,2026Q1,BS,投資その他の資産,,3700
ダイワ精密,2026Q1,BS,営業債務,,7600
ダイワ精密,2026Q1,BS,短期借入金,,2700
ダイワ精密,2026Q1,BS,その他流動負債,,9800
ダイワ精密,2026Q1,BS,長期借入金,,27800
ダイワ精密,2026Q1,BS,その他固定負債,,4800
ダイワ精密,2026Q1,BS,退職給付引当金,,8000
ダイワ精密,2026Q1,BS,純資産合計,,58300
ダイワ精密,2026Q1,PL,売上高,,45100
ダイワ精密,2026Q1,PL,営業利益,,700
ダイワ精密,2026Q1,PL,税引前当期純利益,,-100
ダイワ精密,2026Q1,PL,減価償却費,,3600
ダイワ精密,2026Q1,PL,受取利息及び受取配当金,,100
ダイワ精密,2026Q1,PL,支払利息,,900
ダイワ精密,2026Q1,SS,新株の発行(増資),,2400
ダイワ精密,2026Q1,SS,自己株式の取得,,600
エイト食品,2023Q4,BS,現金及び預金,79800,103100
エイト食品,2023Q4,BS,預け金,66600,78600
エイト食品,2023Q4,BS,営業債権,106800,121200
エイト食品,2023Q4,BS,棚卸資産,75000,67200
エイト食品,2023Q4,BS,その他流動資産,10800,7200
エイト食品,2023Q4,BS,有形固定資産(純額),307800,314400
エイト食品,2023Q4,BS,投資その他の資産,51600,50400
エイト食品,2023Q4,BS,営業債務,57000,54000
エイト食品,2023Q4,BS,短期借入金,53400,65400
エイト食品,2023Q4,BS,その他流動負債,28200,26400
エイト食品,2023Q4,BS,長期借入金,156600,162000
エイト食品,2023Q4,BS,その他固定負債,13200,16200
エイト食品,2023Q4,BS,退職給付引当金,50400,50400
エイト食品,2023Q4,BS,純資産合計,339600,367700
エイト食品,2023Q4,PL,売上高,,470400
エイト食品,2023Q4,PL,営業利益,,44900
エイト食品,2023Q4,PL,税引前当期純利益,,41300
エイト食品,2023Q4,PL,減価償却費,,29400
エイト食品,2023Q4,PL,受取利息及び受取配当金,,600
エイト食品,2023Q4,PL,支払利息,,4200
エイト食品,2023Q4,PL,法人税等,,13200
エイト食品,2024Q1,BS,現金及び預金,,182700
エイト食品,2024Q1,BS,預け金,,70200
エイト食品,2024Q1,BS,営業債権,,113400
エイト食品,2024Q1,BS,棚卸資産,,57600
エイト食品,2024Q1,BS,その他流動資産,,9600
エイト食品,2024Q1,BS,有形固定資産(純額),,309000
エイト食品,2024Q1,BS,投資その他の資産,,46800
エイト食品,2024Q1,BS,営業債務,,67800
エイト食品,2024Q1,BS,短期借入金,,73800
エイト食品,2024Q1,BS,その他流動負債,,27600
エイト食品,2024Q1,BS,長期借入金,,172200
エイト食品,2024Q1,BS,その他固定負債,,13200
エイト食品,2024Q1,BS,退職給付引当金,,52200
エイト食品,2024Q1,BS,純資産合計,,382500
エイト食品,2024Q1,PL,売上高,,476700
エイト食品,2024Q1,PL,営業利益,,16300
エイト食品,2024Q1,PL,税引前当期純利益,,20200
エイト食品,2024Q1,PL,減価償却費,,25800
エイト食品,2024Q1,PL,受取利息及び受取配当金,,900
エイト食品,2024Q1,PL,支払利息,,1800
エイト食品,2024Q1,PL,固定資産売却損益(益は+、損は−),,4800
エイト食品,2024Q1,PL,法人税等,,6500
エイト食品,2024Q1,補足,有形固定資産の売却による収入,,12000
エイト食品,2024Q1,SS,剰余金の配当(配当金の支払額),,4300
エイト食品,2024Q1,SS,自己株式の処分,,5400
エイト食品,2024Q2,BS,現金及び預金,,215900
エイト食品,2024Q2,BS,預け金,,58800
エイト食品,2024Q2,BS,営業債権,,109800
エイト食品,2024Q2,BS,棚卸資産,,59400
エイト食品,2024Q2,BS,その他流動資産,,11400
エイト食品,2024Q2,BS,有形固定資産(純額),,300600
エイト食品,2024Q2,BS,投資その他の資産,,44400
エイト食品,2024Q2,BS,営業債務,,57000
エイト食品,2024Q2,BS,短期借入金,,79800
エイト食品,2024Q2,BS,その他流動負債,,28200
エイト食品,2024Q2,BS,長期借入金,,187200
エイト食品,2024Q2,BS,その他固定負債,,15000
エイト食品,2024Q2,BS,退職給付引当金,,55800
エイト食品,2024Q2,BS,純資産合計,,377300
エイト食品,2024Q2,PL,売上高,,483000
エイト食品,2024Q2,PL,営業利益,,800
エイト食品,2024Q2,PL,税引前当期純利益,,-5200
エイト食品,2024Q2,PL,減価償却費,,16200
エイト食品,2024Q2,PL,受取利息及び受取配当金,,300
エイト食品,2024Q2,PL,支払利息,,6300
エイト食品,2024Q3,BS,現金及び預金,,232700
エイト食品,2024Q3,BS,預け金,,53400
エイト食品,2024Q3,BS,営業債権,,120600
エイト食品,2024Q3,BS,棚卸資産,,48000
エイト食品,2024Q3,BS,その他流動資産,,9600
エイト食品,2024Q3,BS,有形固定資産(純額),,313200
エイト食品,2024Q3,BS,投資その他の資産,,39000
エイト食品,2024Q3,BS,営業債務,,53400
エイト食品,2024Q3,BS,短期借入金,,78600
エイト食品,2024Q3,BS,その他流動負債,,23400
エイト食品,2024Q3,BS,長期借入金,,178200
エイト食品,2024Q3,BS,その他固定負債,,18600
エイト食品,2024Q3,BS,退職給付引当金,,60000
エイト食品,2024Q3,BS,純資産合計,,404300
エイト食品,2024Q3,PL,売上高,,493000
エイト食品,2024Q3,PL,営業利益,,44100
エイト食品,2024Q3,PL,税引前当期純利益,,47700
エイト食品,2024Q3,PL,減価償却費,,9600
エイト食品,2024Q3,PL,支払利息,,1800
エイト食品,2024Q3,PL,固定資産売却損益(益は+、損は−),,5400
エイト食品,2024Q3,PL,法人税等,,15300
エイト食品,2024Q3,補足,有形固定資産の売却による収入,,10800
エイト食品,2024Q3,SS,剰余金の配当(配当金の支払額),,5400
エイト食品,2024Q4,BS,現金及び預金,,237100
エイト食品,2024Q4,BS,預け金,,41400
エイト食品,2024Q4,BS,営業債権,,141000
エイト食品,2024Q4,BS,棚卸資産,,41400
エイト食品,2024Q4,BS,その他流動資産,,13200
エイト食品,2024Q4,BS,有形固定資産(純額),,341400
エイト食品,2024Q4,BS,投資その他の資産,,45000
エイト食品,2024Q4,BS,営業債務,,65400
エイト食品,2024Q4,BS,短期借入金,,84600
エイト食品,2024Q4,BS,その他流動負債,,21600
エイト食品,2024Q4,BS,長期借入金,,180600
エイト食品,2024Q4,BS,その他固定負債,,22200
エイト食品,2024Q4,BS,退職給付引当金,,63000
エイト食品,2024Q4,BS,純資産合計,,423100
エイト食品,2024Q4,PL,売上高,,513000
エイト食品,2024Q4,PL,営業利益,,27600
エイト食品,2024Q4,PL,税引前当期純利益,,27600
エイト食品,2024Q4,PL,減価償却費,,22800
エイト食品,2024Q4,PL,受取利息及び受取配当金,,900
エイト食品,2024Q4,PL,支払利息,,3900
エイト食品,2024Q4,PL,固定資産売却損益(益は+、損は−),,3000
エイト食品,2024Q4,PL,法人税等,,8800
エイト食品,2024Q4,補足,有形固定資産の売却による収入,,4200
エイト食品,2025Q1,BS,現金及び預金,,242500
エイト食品,2025Q1,BS,預け金,,31200
エイト食品,2025Q1,BS,営業債権,,156000
エイト食品,2025Q1,BS,棚卸資産,,44400
エイト食品,2025Q1,BS,その他流動資産,,15000
エイト食品,2025Q1,BS,有形固定資産(純額),,337800
エイト食品,2025Q1,BS,投資その他の資産,,46200
エイト食品,2025Q1,BS,営業債務,,69000
エイト食品,2025Q1,BS,短期借入金,,70800
エイト食品,2025Q1,BS,その他流動負債,,20400
エイト食品,2025Q1,BS,長期借入金,,201600
エイト食品,2025Q1,BS,その他固定負債,,20400
エイト食品,2025Q1,BS,退職給付引当金,,66600
エイト食品,2025Q1,BS,純資産合計,,424300
エイト食品,2025Q1,PL,売上高,,533800
エイト食品,2025Q1,PL,営業利益,,9400
エイト食品,2025Q1,PL,税引前当期純利益,,3100
エイト食品,2025Q1,PL,減価償却費,,26400
エイト食品,2025Q1,PL,支払利息,,6300
エイト食品,2025Q1,PL,法人税等,,1000
エイト食品,2025Q1,SS,剰余金の配当(配当金の支払額),,900
エイト食品,2025Q2,BS,現金及び預金,,272700
エイト食品,2025Q2,BS,預け金,,19800
エイト食品,2025Q2,BS,営業債権,,151800
エイト食品,2025Q2,BS,棚卸資産,,36000
エイト食品,2025Q2,BS,その他流動資産,,15600
エイト食品,2025Q2,BS,有形固定資産(純額),,332400
エイト食品,2025Q2,BS,投資その他の資産,,40800
エイト食品,2025Q2,BS,営業債務,,58800
エイト食品,2025Q2,BS,短期借入金,,78000
エイト食品,2025Q2,BS,その他流動負債,,16800
エイト食品,2025Q2,BS,長期借入金,,194400
エイト食品,2025Q2,BS,その他固定負債,,24000
エイト食品,2025Q2,BS,退職給付引当金,,68400
エイト食品,2025Q2,BS,純資産合計,,428700
エイト食品,2025Q2,PL,売上高,,549500
エイト食品,2025Q2,PL,営業利益,,6800
エイト食品,2025Q2,PL,税引前当期純利益,,6500
エイト食品,2025Q2,PL,減価償却費,,33600
エイト食品,2025Q2,PL,受取利息及び受取配当金,,1200
エイト食品,2025Q2,PL,支払利息,,1500
エイト食品,2025Q2,PL,法人税等,,2100
エイト食品,2025Q3,BS,現金及び預金,,272700
エイト食品,2025Q3,BS,預け金,,30600
エイト食品,2025Q3,BS,営業債権,,151800
エイト食品,2025Q3,BS,棚卸資産,,37200
エイト食品,2025Q3,BS,その他流動資産,,17400
エイト食品,2025Q3,BS,有形固定資産(純額),,354000
エイト食品,2025Q3,BS,投資その他の資産,,39600
エイト食品,2025Q3,BS,営業債務,,61800
エイト食品,2025Q3,BS,短期借入金,,94200
エイト食品,2025Q3,BS,その他流動負債,,19800
エイト食品,2025Q3,BS,長期借入金,,184800
エイト食品,2025Q3,BS,その他固定負債,,27000
エイト食品,2025Q3,BS,退職給付引当金,,72000
エイト食品,2025Q3,BS,純資産合計,,443700
エイト食品,2025Q3,PL,売上高,,579400
エイト食品,2025Q3,PL,営業利益,,23900
エイト食品,2025Q3,PL,税引前当期純利益,,22100
エイト食品,2025Q3,PL,減価償却費,,15600
エイト食品,2025Q3,PL,受取利息及び受取配当金,,1500
エイト食品,2025Q3,PL,支払利息,,3300
エイト食品,2025Q3,PL,法人税等,,7100
エイト食品,2025Q4,BS,現金及び預金,,299200
エイト食品,2025Q4,BS,預け金,,19200
エイト食品,2025Q4,BS,営業債権,,156600
エイト食品,2025Q4,BS,棚卸資産,,30600
エイト食品,2025Q4,BS,その他流動資産,,21000
エイト食品,2025Q4,BS,有形固定資産(純額),,363000
エイト食品,2025Q4,BS,投資その他の資産,,34800
エイト食品,2025Q4,BS,営業債務,,74400
エイト食品,2025Q4,BS,短期借入金,,85200
エイト食品,2025Q4,BS,その他流動負債,,22800
エイト食品,2025Q4,BS,長期借入金,,194400
エイト食品,2025Q4,BS,その他固定負債,,24600
エイト食品,2025Q4,BS,退職給付引当金,,71400
エイト食品,2025Q4,BS,純資産合計,,451600
エイト食品,2025Q4,PL,売上高,,603900
エイト食品,2025Q4,PL,営業利益,,26600
エイト食品,2025Q4,PL,税引前当期純利益,,26600
エイト食品,2025Q4,PL,減価償却費,,34200
エイト食品,2025Q4,PL,受取利息及び受取配当金,,900
エイト食品,2025Q4,PL,支払利息,,900
エイト食品,2025Q4,PL,法人税等,,8500
エイト食品,2025Q4,SS,自己株式の取得,,10200
エイト食品,2026Q1,BS,現金及び預金,,359000
エイト食品,2026Q1,BS,預け金,,6000
エイト食品,2026Q1,BS,営業債権,,139200
エイト食品,2026Q1,BS,棚卸資産,,24000
エイト食品,2026Q1,BS,その他流動資産,,19800
エイト食品,2026Q1,BS,有形固定資産(純額),,352200
エイト食品,2026Q1,BS,投資その他の資産,,41400
エイト食品,2026Q1,BS,営業債務,,89400
エイト食品,2026Q1,BS,短期借入金,,72600
エイト食品,2026Q1,BS,その他流動負債,,25800
エイト食品,2026Q1,BS,長期借入金,,191400
エイト食品,2026Q1,BS,その他固定負債,,28800
エイト食品,2026Q1,BS,退職給付引当金,,69600
エイト食品,2026Q1,BS,純資産合計,,464000
エイト食品,2026Q1,PL,売上高,,628700
エイト食品,2026Q1,PL,営業利益,,22200
エイト食品,2026Q1,PL,税引前当期純利益,,18300
エイト食品,2026Q1,PL,減価償却費,,31800
エイト食品,2026Q1,PL,支払利息,,3900
エイト食品,2026Q1,PL,法人税等,,5900
フジミ化学,2023Q4,BS,現金及び預金,12400,13900
フジミ化学,2023Q4,BS,預け金,4000,4400
フジミ化学,2023Q4,BS,営業債権,19600,18300
フジミ化学,2023Q4,BS,棚卸資産,5500,4700
フジミ化学,2023Q4,BS,その他流動資産,3700,3500
フジミ化学,2023Q4,BS,有形固定資産(純額),47800,50600
フジミ化学,2023Q4,BS,投資その他の資産,2100,2600
フジミ化学,2023Q4,BS,営業債務,15000,16400
フジミ化学,2023Q4,BS,短期借入金,8000,10300
フジミ化学,2023Q4,BS,その他流動負債,4300,4400
フジミ化学,2023Q4,BS,長期借入金,13900,13200
フジミ化学,2023Q4,BS,その他固定負債,3300,3400
フジミ化学,2023Q4,BS,退職給付引当金,8700,8400
フジミ化学,2023Q4,BS,純資産合計,41900,41900
フジミ化学,2023Q4,PL,売上高,,33600
フジミ化学,2023Q4,PL,営業利益,,100
フジミ化学,2023Q4,PL,減価償却費,,1500
フジミ化学,2023Q4,PL,受取利息及び受取配当金,,200
フジミ化学,2023Q4,PL,支払利息,,300
フジミ化学,2023Q4,補足,有形固定資産の売却による収入,,900
フジミ化学,2024Q1,BS,現金及び預金,,14900
フジミ化学,2024Q1,BS,預け金,,3700
フジミ化学,2024Q1,BS,営業債権,,16800
フジミ化学,2024Q1,BS,棚卸資産,,5200
フジミ化学,2024Q1,BS,その他流動資産,,3100
フジミ化学,2024Q1,BS,有形固定資産(純額),,53300
フジミ化学,2024Q1,BS,投資その他の資産,,3900
フジミ化学,2024Q1,BS,営業債務,,16900
フジミ化学,2024Q1,BS,短期借入金,,9900
フジミ化学,2024Q1,BS,その他流動負債,,3800
フジミ化学,2024Q1,BS,長期借入金,,14400
フジミ化学,2024Q1,BS,その他固定負債,,3500
フジミ化学,2024Q1,BS,退職給付引当金,,8400
フジミ化学,2024Q1,BS,純資産合計,,44000
フジミ化学,2024Q1,PL,売上高,,33500
フジミ化学,2024Q1,PL,営業利益,,4500
フジミ化学,2024Q1,PL,税引前当期純利益,,4600
フジミ化学,2024Q1,PL,減価償却費,,2500
フジミ化学,2024Q1,PL,受取利息及び受取配当金,,400
フジミ化学,2024Q1,PL,支払利息,,300
フジミ化学,2024Q1,PL,法人税等,,1500
フジミ化学,2024Q1,SS,剰余金の配当(配当金の支払額),,1000
フジミ化学,2024Q2,BS,現金及び預金,,10000
フジミ化学,2024Q2,BS,預け金,,2000
フジミ化学,2024Q2,BS,営業債権,,14700
フジミ化学,2024Q2,BS,棚卸資産,,6300
フジミ化学,2024Q2,BS,その他流動資産,,3800
フジミ化学,2024Q2,BS,有形固定資産(純額),,56500
フジミ化学,2024Q2,BS,投資その他の資産,,4800
フジミ化学,2024Q2,BS,営業債務,,16200
フジミ化学,2024Q2,BS,短期借入金,,7500
フジミ化学,2024Q2,BS,その他流動負債,,4900
フジミ化学,2024Q2,BS,長期借入金,,13400
フジミ化学,2024Q2,BS,その他固定負債,,3900
フジミ化学,2024Q2,BS,退職給付引当金,,8500
フジミ化学,2024Q2,BS,純資産合計,,43700
フジミ化学,2024Q2,PL,売上高,,33800
フジミ化学,2024Q2,PL,営業利益,,2500
フジミ化学,2024Q2,PL,税引前当期純利益,,2600
フジミ化学,2024Q2,PL,減価償却費,,3000
フジミ化学,2024Q2,PL,受取利息及び受取配当金,,300
フジミ化学,2024Q2,PL,支払利息,,200
フジミ化学,2024Q2,PL,法人税等,,800
フジミ化学,2024Q2,SS,自己株式の取得,,2100
フジミ化学,2024Q3,BS,現金及び預金,,11900
フジミ化学,2024Q3,BS,預け金,,2100
フジミ化学,2024Q3,BS,営業債権,,16900
フジミ化学,2024Q3,BS,棚卸資産,,5800
フジミ化学,2024Q3,BS,その他流動資産,,4600
フジミ化学,2024Q3,BS,有形固定資産(純額),,59000
フジミ化学,2024Q3,BS,投資その他の資産,,5700
フジミ化学,2024Q3,BS,営業債務,,16700
フジミ化学,2024Q3,BS,短期借入金,,6800
フジミ化学,2024Q3,BS,その他流動負債,,6100
フジミ化学,2024Q3,BS,長期借入金,,16700
フジミ化学,2024Q3,BS,その他固定負債,,4400
フジミ化学,2024Q3,BS,退職給付引当金,,9300
フジミ化学,2024Q3,BS,純資産合計,,46000
フジミ化学,2024Q3,PL,売上高,,32700
フジミ化学,2024Q3,PL,営業利益,,4600
フジミ化学,2024Q3,PL,税引前当期純利益,,4500
フジミ化学,2024Q3,PL,減価償却費,,5900
フジミ化学,2024Q3,PL,受取利息及び受取配当金,,400
フジミ化学,2024Q3,PL,支払利息,,500
フジミ化学,2024Q3,PL,法人税等,,1400
フジミ化学,2024Q3,SS,剰余金の配当(配当金の支払額),,800
フジミ化学,2024Q4,BS,現金及び預金,,9100
フジミ化学,2024Q4,BS,預け金,,3900
フジミ化学,2024Q4,BS,営業債権,,18500
フジミ化学,2024Q4,BS,棚卸資産,,5000
フジミ化学,2024Q4,BS,その他流動資産,,4400
フジミ化学,2024Q4,BS,有形固定資産(純額),,62200
フジミ化学,2024Q4,BS,投資その他の資産,,6200
フジミ化学,2024Q4,BS,営業債務,,15100
フジミ化学,2024Q4,BS,短期借入金,,7900
フジミ化学,2024Q4,BS,その他流動負債,,6700
フジミ化学,2024Q4,BS,長期借入金,,17500
フジミ化学,2024Q4,BS,その他固定負債,,4800
フジミ化学,2024Q4,BS,退職給付引当金,,9300
フジミ化学,2024Q4,BS,純資産合計,,48000
フジミ化学,2024Q4,PL,売上高,,33000
フジミ化学,2024Q4,PL,営業利益,,3400
フジミ化学,2024Q4,PL,税引前当期純利益,,2900
フジミ化学,2024Q4,PL,減価償却費,,3900
フジミ化学,2024Q4,PL,受取利息及び受取配当金,,300
フジミ化学,2024Q4,PL,支払利息,,800
フジミ化学,2024Q4,PL,法人税等,,900
フジミ化学,2025Q1,BS,現金及び預金,,11800
フジミ化学,2025Q1,BS,預け金,,2600
フジミ化学,2025Q1,BS,営業債権,,16700
フジミ化学,2025Q1,BS,棚卸資産,,6900
フジミ化学,2025Q1,BS,その他流動資産,,3800
フジミ化学,2025Q1,BS,有形固定資産(純額),,66300
フジミ化学,2025Q1,BS,投資その他の資産,,7700
フジミ化学,2025Q1,BS,営業債務,,17100
フジミ化学,2025Q1,BS,短期借入金,,10000
フジミ化学,2025Q1,BS,その他流動負債,,6900
フジミ化学,2025Q1,BS,長期借入金,,18300
フジミ化学,2025Q1,BS,その他固定負債,,5000
フジミ化学,2025Q1,BS,退職給付引当金,,9600
フジミ化学,2025Q1,BS,純資産合計,,48900
フジミ化学,2025Q1,PL,売上高,,33400
フジミ化学,2025Q1,PL,営業利益,,2400
フジミ化学,2025Q1,PL,税引前当期純利益,,1900
フジミ化学,2025Q1,PL,減価償却費,,2300
フジミ化学,2025Q1,PL,受取利息及び受取配当金,,300
フジミ化学,2025Q1,PL,支払利息,,800
フジミ化学,2025Q1,PL,法人税等,,600
フジミ化学,2025Q1,SS,剰余金の配当(配当金の支払額),,400
フジミ化学,2025Q2,BS,現金及び預金,,11300
フジミ化学,2025Q2,BS,預け金,,1700
フジミ化学,2025Q2,BS,営業債権,,18500
フジミ化学,2025Q2,BS,棚卸資産,,8100
フジミ化学,2025Q2,BS,その他流動資産,,4000
フジミ化学,2025Q2,BS,有形固定資産(純額),,66500
フジミ化学,2025Q2,BS,投資その他の資産,,7700
フジミ化学,2025Q2,BS,営業債務,,18200
フジミ化学,2025Q2,BS,短期借入金,,11000
フジミ化学,2025Q2,BS,その他流動負債,,6700
フジミ化学,2025Q2,BS,長期借入金,,17100
フジミ化学,2025Q2,BS,その他固定負債,,4900
フジミ化学,2025Q2,BS,退職給付引当金,,9400
フジミ化学,2025Q2,BS,純資産合計,,50500
フジミ化学,2025Q2,PL,売上高,,33400
フジミ化学,2025Q2,PL,営業利益,,3500
フジミ化学,2025Q2,PL,税引前当期純利益,,2400
フジミ化学,2025Q2,PL,減価償却費,,6000
フジミ化学,2025Q2,PL,受取利息及び受取配当金,,200
フジミ化学,2025Q2,PL,支払利息,,1000
フジミ化学,2025Q2,PL,固定資産売却損益(益は+、損は−),,-300
フジミ化学,2025Q2,PL,法人税等,,800
フジミ化学,2025Q2,補足,有形固定資産の売却による収入,,2800
フジミ化学,2025Q3,BS,現金及び預金,,10400
フジミ化学,2025Q3,BS,預け金,,0
フジミ化学,2025Q3,BS,営業債権,,19900
フジミ化学,2025Q3,BS,棚卸資産,,7100
フジミ化学,2025Q3,BS,その他流動資産,,3700
フジミ化学,2025Q3,BS,有形固定資産(純額),,67800
フジミ化学,2025Q3,BS,投資その他の資産,,7700
フジミ化学,2025Q3,BS,営業債務,,16700
フジミ化学,2025Q3,BS,短期借入金,,9200
フジミ化学,2025Q3,BS,その他流動負債,,7300
フジミ化学,2025Q3,BS,長期借入金,,17900
フジミ化学,2025Q3,BS,その他固定負債,,5000
フジミ化学,2025Q3,BS,退職給付引当金,,9900
フジミ化学,2025Q3,BS,純資産合計,,50600
フジミ化学,2025Q3,PL,売上高,,33400
フジミ化学,2025Q3,PL,営業利益,,900
フジミ化学,2025Q3,PL,税引前当期純利益,,200
フジミ化学,2025Q3,PL,減価償却費,,3400
フジミ化学,2025Q3,PL,受取利息及び受取配当金,,100
フジミ化学,2025Q3,PL,支払利息,,800
フジミ化学,2025Q3,PL,法人税等,,100
フジミ化学,2025Q4,BS,現金及び預金,,2500
フジミ化学,2025Q4,BS,預け金,,0
フジミ化学,2025Q4,BS,営業債権,,23600
フジミ化学,2025Q4,BS,棚卸資産,,7300
フジミ化学,2025Q4,BS,その他流動資産,,4300
フジミ化学,2025Q4,BS,有形固定資産(純額),,67700
フジミ化学,2025Q4,BS,投資その他の資産,,8100
フジミ化学,2025Q4,BS,営業債務,,14300
フジミ化学,2025Q4,BS,短期借入金,,7400
フジミ化学,2025Q4,BS,その他流動負債,,8500
フジミ化学,2025Q4,BS,長期借入金,,15000
フジミ化学,2025Q4,BS,その他固定負債,,5700
フジミ化学,2025Q4,BS,退職給付引当金,,9600
フジミ化学,2025Q4,BS,純資産合計,,53000
フジミ化学,2025Q4,PL,売上高,,33200
フジミ化学,2025Q4,PL,営業利益,,3100
フジミ化学,2025Q4,PL,税引前当期純利益,,3600
フジミ化学,2025Q4,PL,減価償却費,,3600
フジミ化学,2025Q4,PL,支払利息,,400
フジミ化学,2025Q4,PL,固定資産売却損益(益は+、損は−),,900
フジミ化学,2025Q4,PL,法人税等,,1200
フジミ化学,2025Q4,補足,有形固定資産の売却による収入,,3500
フジミ化学,2026Q1,BS,現金及び預金,,500
フジミ化学,2026Q1,BS,預け金,,1600
フジミ化学,2026Q1,BS,営業債権,,26900
フジミ化学,2026Q1,BS,棚卸資産,,5900
フジミ化学,2026Q1,BS,その他流動資産,,3900
フジミ化学,2026Q1,BS,有形固定資産(純額),,70000
フジミ化学,2026Q1,BS,投資その他の資産,,8000
フジミ化学,2026Q1,BS,営業債務,,13700
フジミ化学,2026Q1,BS,短期借入金,,8100
フジミ化学,2026Q1,BS,その他流動負債,,7700
フジミ化学,2026Q1,BS,長期借入金,,17400
フジミ化学,2026Q1,BS,その他固定負債,,6300
フジミ化学,2026Q1,BS,退職給付引当金,,10300
フジミ化学,2026Q1,BS,純資産合計,,53300
フジミ化学,2026Q1,PL,売上高,,31900
フジミ化学,2026Q1,PL,営業利益,,800
フジミ化学,2026Q1,PL,税引前当期純利益,,500
フジミ化学,2026Q1,PL,減価償却費,,2300
フジミ化学,2026Q1,PL,受取利息及び受取配当金,,300
フジミ化学,2026Q1,PL,支払利息,,600
フジミ化学,2026Q1,PL,法人税等,,200
グリーンリーフ,2023Q4,BS,現金及び預金,6600,7500
グリーンリーフ,2023Q4,BS,預け金,4400,3700
グリーンリーフ,2023Q4,BS,営業債権,7200,7900
グリーンリーフ,2023Q4,BS,棚卸資産,3800,3600
グリーンリーフ,2023Q4,BS,その他流動資産,1500,1700
グリーンリーフ,2023Q4,BS,有形固定資産(純額),9300,10200
グリーンリーフ,2023Q4,BS,投資その他の資産,1500,1900
グリーンリーフ,2023Q4,BS,営業債務,3100,4100
グリーンリーフ,2023Q4,BS,短期借入金,700,0
グリーンリーフ,2023Q4,BS,その他流動負債,1000,800
グリーンリーフ,2023Q4,BS,長期借入金,9400,9200
グリーンリーフ,2023Q4,BS,その他固定負債,1600,1800
グリーンリーフ,2023Q4,BS,退職給付引当金,4000,4200
グリーンリーフ,2023Q4,BS,純資産合計,14500,16400
グリーンリーフ,2023Q4,PL,売上高,,31700
グリーンリーフ,2023Q4,PL,営業利益,,2900
グリーンリーフ,2023Q4,PL,税引前当期純利益,,2800
グリーンリーフ,2023Q4,PL,減価償却費,,1800
グリーンリーフ,2023Q4,PL,支払利息,,100
グリーンリーフ,2023Q4,PL,法人税等,,900
グリーンリーフ,2024Q1,BS,現金及び預金,,7500
グリーンリーフ,2024Q1,BS,預け金,,4500
グリーンリーフ,2024Q1,BS,営業債権,,8400
グリーンリーフ,2024Q1,BS,棚卸資産,,3000
グリーンリーフ,2024Q1,BS,その他流動資産,,1900
グリーンリーフ,2024Q1,BS,有形固定資産(純額),,11300
グリーンリーフ,2024Q1,BS,投資その他の資産,,2300
グリーンリーフ,2024Q1,BS,営業債務,,4000
グリーンリーフ,2024Q1,BS,短期借入金,,100
グリーンリーフ,2024Q1,BS,その他流動負債,,800
グリーンリーフ,2024Q1,BS,長期借入金,,10300
グリーンリーフ,2024Q1,BS,その他固定負債,,2000
グリーンリーフ,2024Q1,BS,退職給付引当金,,4200
グリーンリーフ,2024Q1,BS,純資産合計,,17500
グリーンリーフ,2024Q1,PL,売上高,,31200
グリーンリーフ,2024Q1,PL,営業利益,,2500
グリーンリーフ,2024Q1,PL,税引前当期純利益,,2300
グリーンリーフ,2024Q1,PL,減価償却費,,1900
グリーンリーフ,2024Q1,PL,受取利息及び受取配当金,,100
グリーンリーフ,2024Q1,PL,支払利息,,300
グリーンリーフ,2024Q1,PL,法人税等,,700
グリーンリーフ,2024Q1,SS,剰余金の配当(配当金の支払額),,500
グリーンリーフ,2024Q2,BS,現金及び預金,,9100
グリーンリーフ,2024Q2,BS,預け金,,3800
グリーンリーフ,2024Q2,BS,営業債権,,8700
グリーンリーフ,2024Q2,BS,棚卸資産,,2600
グリーンリーフ,2024Q2,BS,その他流動資産,,1700
グリーンリーフ,2024Q2,BS,有形固定資産(純額),,12500
グリーンリーフ,2024Q2,BS,投資その他の資産,,2400
グリーンリーフ,2024Q2,BS,営業債務,,4100
グリーンリーフ,2024Q2,BS,短期借入金,,0
グリーンリーフ,2024Q2,BS,その他流動負債,,800
グリーンリーフ,2024Q2,BS,長期借入金,,11600
グリーンリーフ,2024Q2,BS,その他固定負債,,2000
グリーンリーフ,2024Q2,BS,退職給付引当金,,4000
グリーンリーフ,2024Q2,BS,純資産合計,,18300
グリーンリーフ,2024Q2,PL,売上高,,31800
グリーンリーフ,2024Q2,PL,営業利益,,900
グリーンリーフ,2024Q2,PL,税引前当期純利益,,1200
グリーンリーフ,2024Q2,PL,減価償却費,,600
グリーンリーフ,2024Q2,PL,受取利息及び受取配当金,,200
グリーンリーフ,2024Q2,PL,支払利息,,200
グリーンリーフ,2024Q2,PL,固定資産売却損益(益は+、損は−),,300
グリーンリーフ,2024Q2,PL,法人税等,,400
グリーンリーフ,2024Q2,補足,有形固定資産の売却による収入,,1000
グリーンリーフ,2024Q3,BS,現金及び預金,,10500
グリーンリーフ,2024Q3,BS,預け金,,3600
グリーンリーフ,2024Q3,BS,営業債権,,9000
グリーンリーフ,2024Q3,BS,棚卸資産,,2100
グリーンリーフ,2024Q3,BS,その他流動資産,,1800
グリーンリーフ,2024Q3,BS,有形固定資産(純額),,12700
グリーンリーフ,2024Q3,BS,投資その他の資産,,2900
グリーンリーフ,2024Q3,BS,営業債務,,3400
グリーンリーフ,2024Q3,BS,短期借入金,,300
グリーンリーフ,2024Q3,BS,その他流動負債,,600
グリーンリーフ,2024Q3,BS,長期借入金,,12000
グリーンリーフ,2024Q3,BS,その他固定負債,,2200
グリーンリーフ,2024Q3,BS,退職給付引当金,,3900
グリーンリーフ,2024Q3,BS,純資産合計,,20200
グリーンリーフ,2024Q3,PL,売上高,,30800
グリーンリーフ,2024Q3,PL,営業利益,,2800
グリーンリーフ,2024Q3,PL,税引前当期純利益,,2800
グリーンリーフ,2024Q3,PL,減価償却費,,1700
グリーンリーフ,2024Q3,PL,受取利息及び受取配当金,,100
グリーンリーフ,2024Q3,PL,支払利息,,400
グリーンリーフ,2024Q3,PL,固定資産売却損益(益は+、損は−),,300
グリーンリーフ,2024Q3,PL,法人税等,,900
グリーンリーフ,2024Q3,補足,有形固定資産の売却による収入,,300
グリーンリーフ,2024Q4,BS,現金及び預金,,13700
グリーンリーフ,2024Q4,BS,預け金,,4000
グリーンリーフ,2024Q4,BS,営業債権,,10000
グリーンリーフ,2024Q4,BS,棚卸資産,,2400
グリーンリーフ,2024Q4,BS,その他流動資産,,1800
グリーンリーフ,2024Q4,BS,有形固定資産(純額),,13600
グリーンリーフ,2024Q4,BS,投資その他の資産,,2800
グリーンリーフ,2024Q4,BS,営業債務,,4600
グリーンリーフ,2024Q4,BS,短期借入金,,600
グリーンリーフ,2024Q4,BS,その他流動負債,,400
グリーンリーフ,2024Q4,BS,長期借入金,,12800
グリーンリーフ,2024Q4,BS,その他固定負債,,2400
グリーンリーフ,2024Q4,BS,退職給付引当金,,4000
グリーンリーフ,2024Q4,BS,純資産合計,,23500
グリーンリーフ,2024Q4,PL,売上高,,30700
グリーンリーフ,2024Q4,PL,営業利益,,4800
グリーンリーフ,2024Q4,PL,税引前当期純利益,,4800
グリーンリーフ,2024Q4,PL,減価償却費,,1900
グリーンリーフ,2024Q4,PL,受取利息及び受取配当金,,100
グリーンリーフ,2024Q4,PL,支払利息,,100
グリーンリーフ,2024Q4,PL,法人税等,,1500
グリーンリーフ,2025Q1,BS,現金及び預金,,15100
グリーンリーフ,2025Q1,BS,預け金,,3200
グリーンリーフ,2025Q1,BS,営業債権,,11000
グリーンリーフ,2025Q1,BS,棚卸資産,,3000
グリーンリーフ,2025Q1,BS,その他流動資産,,1800
グリーンリーフ,2025Q1,BS,有形固定資産(純額),,13400
グリーンリーフ,2025Q1,BS,投資その他の資産,,3100
グリーンリーフ,2025Q1,BS,営業債務,,5500
グリーンリーフ,2025Q1,BS,短期借入金,,600
グリーンリーフ,2025Q1,BS,その他流動負債,,400
グリーンリーフ,2025Q1,BS,長期借入金,,11400
グリーンリーフ,2025Q1,BS,その他固定負債,,2600
グリーンリーフ,2025Q1,BS,退職給付引当金,,4300
グリーンリーフ,2025Q1,BS,純資産合計,,25800
グリーンリーフ,2025Q1,PL,売上高,,30000
グリーンリーフ,2025Q1,PL,営業利益,,4500
グリーンリーフ,2025Q1,PL,税引前当期純利益,,4500
グリーンリーフ,2025Q1,PL,減価償却費,,800
グリーンリーフ,2025Q1,PL,受取利息及び受取配当金,,100
グリーンリーフ,2025Q1,PL,支払利息,,100
グリーンリーフ,2025Q1,PL,法人税等,,1400
グリーンリーフ,2025Q1,SS,剰余金の配当(配当金の支払額),,800
グリーンリーフ,2025Q2,BS,現金及び預金,,18000
グリーンリーフ,2025Q2,BS,預け金,,2300
グリーンリーフ,2025Q2,BS,営業債権,,11500
グリーンリーフ,2025Q2,BS,棚卸資産,,3400
グリーンリーフ,2025Q2,BS,その他流動資産,,1800
グリーンリーフ,2025Q2,BS,有形固定資産(純額),,12700
グリーンリーフ,2025Q2,BS,投資その他の資産,,3500
グリーンリーフ,2025Q2,BS,営業債務,,5800
グリーンリーフ,2025Q2,BS,短期借入金,,0
グリーンリーフ,2025Q2,BS,その他流動負債,,900
グリーンリーフ,2025Q2,BS,長期借入金,,11500
グリーンリーフ,2025Q2,BS,その他固定負債,,2400
グリーンリーフ,2025Q2,BS,退職給付引当金,,4600
グリーンリーフ,2025Q2,BS,純資産合計,,28000
グリーンリーフ,2025Q2,PL,売上高,,29900
グリーンリーフ,2025Q2,PL,営業利益,,3500
グリーンリーフ,2025Q2,PL,税引前当期純利益,,3200
グリーンリーフ,2025Q2,PL,減価償却費,,1900
グリーンリーフ,2025Q2,PL,受取利息及び受取配当金,,100
グリーンリーフ,2025Q2,PL,支払利息,,400
グリーンリーフ,2025Q2,PL,法人税等,,1000
グリーンリーフ,2025Q3,BS,現金及び預金,,15500
グリーンリーフ,2025Q3,BS,預け金,,3500
グリーンリーフ,2025Q3,BS,営業債権,,12400
グリーンリーフ,2025Q3,BS,棚卸資産,,2800
グリーンリーフ,2025Q3,BS,その他流動資産,,2100
グリーンリーフ,2025Q3,BS,有形固定資産(純額),,14100
グリーンリーフ,2025Q3,BS,投資その他の資産,,3500
グリーンリーフ,2025Q3,BS,営業債務,,6700
グリーンリーフ,2025Q3,BS,短期借入金,,0
グリーンリーフ,2025Q3,BS,その他流動負債,,900
グリーンリーフ,2025Q3,BS,長期借入金,,11100
グリーンリーフ,2025Q3,BS,その他固定負債,,2700
グリーンリーフ,2025Q3,BS,退職給付引当金,,4600
グリーンリーフ,2025Q3,BS,純資産合計,,27900
グリーンリーフ,2025Q3,PL,売上高,,29400
グリーンリーフ,2025Q3,PL,税引前当期純利益,,-100
グリーンリーフ,2025Q3,PL,減価償却費,,800
グリーンリーフ,2025Q3,PL,支払利息,,100
グリーンリーフ,2025Q4,BS,現金及び預金,,15200
グリーンリーフ,2025Q4,BS,預け金,,4300
グリーンリーフ,2025Q4,BS,営業債権,,13300
グリーンリーフ,2025Q4,BS,棚卸資産,,3000
グリーンリーフ,2025Q4,BS,その他流動資産,,2400
グリーンリーフ,2025Q4,BS,有形固定資産(純額),,14500
グリーンリーフ,2025Q4,BS,投資その他の資産,,3600
グリーンリーフ,2025Q4,BS,営業債務,,6300
グリーンリーフ,2025Q4,BS,短期借入金,,900
グリーンリーフ,2025Q4,BS,その他流動負債,,900
グリーンリーフ,2025Q4,BS,長期借入金,,10400
グリーンリーフ,2025Q4,BS,その他固定負債,,3000
グリーンリーフ,2025Q4,BS,退職給付引当金,,4900
グリーンリーフ,2025Q4,BS,純資産合計,,29900
グリーンリーフ,2025Q4,PL,売上高,,28900
グリーンリーフ,2025Q4,PL,営業利益,,3000
グリーンリーフ,2025Q4,PL,税引前当期純利益,,2900
グリーンリーフ,2025Q4,PL,減価償却費,,2300
グリーンリーフ,2025Q4,PL,支払利息,,100
グリーンリーフ,2025Q4,PL,法人税等,,900
グリーンリーフ,2026Q1,BS,現金及び預金,,17900
グリーンリーフ,2026Q1,BS,預け金,,4900
グリーンリーフ,2026Q1,BS,営業債権,,12800
グリーンリーフ,2026Q1,BS,棚卸資産,,3700
グリーンリーフ,2026Q1,BS,その他流動資産,,2700
グリーンリーフ,2026Q1,BS,有形固定資産(純額),,14100
グリーンリーフ,2026Q1,BS,投資その他の資産,,3700
グリーンリーフ,2026Q1,BS,営業債務,,7300
グリーンリーフ,2026Q1,BS,短期借入金,,1500
グリーンリーフ,2026Q1,BS,その他流動負債,,1300
グリーンリーフ,2026Q1,BS,長期借入金,,11600
グリーンリーフ,2026Q1,BS,その他固定負債,,2800
グリーンリーフ,2026Q1,BS,退職給付引当金,,5100
グリーンリーフ,2026Q1,BS,純資産合計,,30200
グリーンリーフ,2026Q1,PL,売上高,,29200
グリーンリーフ,2026Q1,PL,営業利益,,700
グリーンリーフ,2026Q1,PL,税引前当期純利益,,800
グリーンリーフ,2026Q1,PL,減価償却費,,1000
グリーンリーフ,2026Q1,PL,受取利息及び受取配当金,,100
グリーンリーフ,2026Q1,PL,支払利息,,300
グリーンリーフ,2026Q1,PL,固定資産売却損益(益は+、損は−),,300
グリーンリーフ,2026Q1,PL,法人税等,,300
グリーンリーフ,2026Q1,補足,有形固定資産の売却による収入,,800
グリーンリーフ,2026Q1,SS,剰余金の配当(配当金の支払額),,200
ハヤブサ運輸,2023Q4,BS,現金及び預金,16300,20200
ハヤブサ運輸,2023Q4,BS,預け金,11400,9600
ハヤブサ運輸,2023Q4,BS,営業債権,22400,26400
ハヤブサ運輸,2023Q4,BS,棚卸資産,11900,14200
ハヤブサ運輸,2023Q4,BS,その他流動資産,3800,3200
ハヤブサ運輸,2023Q4,BS,有形固定資産(純額),48700,51100
ハヤブサ運輸,2023Q4,BS,投資その他の資産,3700,4400
ハヤブサ運輸,2023Q4,BS,営業債務,6900,9600
ハヤブサ運輸,2023Q4,BS,短期借入金,4300,7300
ハヤブサ運輸,2023Q4,BS,その他流動負債,2000,1500
ハヤブサ運輸,2023Q4,BS,長期借入金,12900,13800
ハヤブサ運輸,2023Q4,BS,その他固定負債,2000,1700
ハヤブサ運輸,2023Q4,BS,退職給付引当金,5500,5200
ハヤブサ運輸,2023Q4,BS,純資産合計,84600,90000
ハヤブサ運輸,2023Q4,PL,売上高,,78700
ハヤブサ運輸,2023Q4,PL,営業利益,,8300
ハヤブサ運輸,2023Q4,PL,税引前当期純利益,,8000
ハヤブサ運輸,2023Q4,PL,減価償却費,,4700
ハヤブサ運輸,2023Q4,PL,受取利息及び受取配当金,,100
ハヤブサ運輸,2023Q4,PL,支払利息,,400
ハヤブサ運輸,2023Q4,PL,法人税等,,2600
ハヤブサ運輸,2024Q1,BS,現金及び預金,,16400
ハヤブサ運輸,2024Q1,BS,預け金,,8800
ハヤブサ運輸,2024Q1,BS,営業債権,,26700
ハヤブサ運輸,2024Q1,BS,棚卸資産,,14500
ハヤブサ運輸,2024Q1,BS,その他流動資産,,3600
ハヤブサ運輸,2024Q1,BS,有形固定資産(純額),,53700
ハヤブサ運輸,2024Q1,BS,投資その他の資産,,5500
ハヤブサ運輸,2024Q1,BS,営業債務,,7800
ハヤブサ運輸,2024Q1,BS,短期借入金,,6600
ハヤブサ運輸,2024Q1,BS,その他流動負債,,2600
ハヤブサ運輸,2024Q1,BS,長期借入金,,14600
ハヤブサ運輸,2024Q1,BS,その他固定負債,,1100
ハヤブサ運輸,2024Q1,BS,退職給付引当金,,5300
ハヤブサ運輸,2024Q1,BS,純資産合計,,91200
ハヤブサ運輸,2024Q1,PL,売上高,,80200
ハヤブサ運輸,2024Q1,PL,営業利益,,3200
ハヤブサ運輸,2024Q1,PL,税引前当期純利益,,2800
ハヤブサ運輸,2024Q1,PL,減価償却費,,5000
ハヤブサ運輸,2024Q1,PL,受取利息及び受取配当金,,300
ハヤブサ運輸,2024Q1,PL,支払利息,,700
ハヤブサ運輸,2024Q1,PL,法人税等,,900
ハヤブサ運輸,2024Q1,SS,剰余金の配当(配当金の支払額),,700
ハヤブサ運輸,2024Q2,BS,現金及び預金,,10000
ハヤブサ運輸,2024Q2,BS,預け金,,10000
ハヤブサ運輸,2024Q2,BS,営業債権,,27600
ハヤブサ運輸,2024Q2,BS,棚卸資産,,14000
ハヤブサ運輸,2024Q2,BS,その他流動資産,,3000
ハヤブサ運輸,2024Q2,BS,有形固定資産(純額),,53300
ハヤブサ運輸,2024Q2,BS,投資その他の資産,,6100
ハヤブサ運輸,2024Q2,BS,営業債務,,8400
ハヤブサ運輸,2024Q2,BS,短期借入金,,5600
ハヤブサ運輸,2024Q2,BS,その他流動負債,,1800
ハヤブサ運輸,2024Q2,BS,長期借入金,,10900
ハヤブサ運輸,2024Q2,BS,その他固定負債,,1600
ハヤブサ運輸,2024Q2,BS,退職給付引当金,,5200
ハヤブサ運輸,2024Q2,BS,純資産合計,,90500
ハヤブサ運輸,2024Q2,PL,売上高,,81400
ハヤブサ運輸,2024Q2,PL,営業利益,,-1100
ハヤブサ運輸,2024Q2,PL,税引前当期純利益,,-700
ハヤブサ運輸,2024Q2,PL,減価償却費,,3500
ハヤブサ運輸,2024Q2,PL,支払利息,,500
ハヤブサ運輸,2024Q2,PL,固定資産売却損益(益は+、損は−),,900
ハヤブサ運輸,2024Q2,補足,有形固定資産の売却による収入,,3100
ハヤブサ運輸,2024Q3,BS,現金及び預金,,18600
ハヤブサ運輸,2024Q3,BS,預け金,,10900
ハヤブサ運輸,2024Q3,BS,営業債権,,25600
ハヤブサ運輸,2024Q3,BS,棚卸資産,,13100
ハヤブサ運輸,2024Q3,BS,その他流動資産,,2800
ハヤブサ運輸,2024Q3,BS,有形固定資産(純額),,54900
ハヤブサ運輸,2024Q3,BS,投資その他の資産,,6100
ハヤブサ運輸,2024Q3,BS,営業債務,,9900
ハヤブサ運輸,2024Q3,BS,短期借入金,,5300
ハヤブサ運輸,2024Q3,BS,その他流動負債,,1300
ハヤブサ運輸,2024Q3,BS,長期借入金,,14200
ハヤブサ運輸,2024Q3,BS,その他固定負債,,1400
ハヤブサ運輸,2024Q3,BS,退職給付引当金,,5100
ハヤブサ運輸,2024Q3,BS,純資産合計,,94800
ハヤブサ運輸,2024Q3,PL,売上高,,80000
ハヤブサ運輸,2024Q3,PL,営業利益,,8300
ハヤブサ運輸,2024Q3,PL,税引前当期純利益,,8000
ハヤブサ運輸,2024Q3,PL,減価償却費,,2700
ハヤブサ運輸,2024Q3,PL,受取利息及び受取配当金,,200
ハヤブサ運輸,2024Q3,PL,支払利息,,300
ハヤブサ運輸,2024Q3,PL,固定資産売却損益(益は+、損は−),,-200
ハヤブサ運輸,2024Q3,PL,法人税等,,2600
ハヤブサ運輸,2024Q3,補足,有形固定資産の売却による収入,,2300
ハヤブサ運輸,2024Q3,SS,剰余金の配当(配当金の支払額),,1100
ハヤブサ運輸,2024Q4,BS,現金及び預金,,19800
ハヤブサ運輸,2024Q4,BS,預け金,,11500
ハヤブサ運輸,2024Q4,BS,営業債権,,25400
ハヤブサ運輸,2024Q4,BS,棚卸資産,,13600
ハヤブサ運輸,2024Q4,BS,その他流動資産,,3600
ハヤブサ運輸,2024Q4,BS,有形固定資産(純額),,56200
ハヤブサ運輸,2024Q4,BS,投資その他の資産,,5600
ハヤブサ運輸,2024Q4,BS,営業債務,,7700
ハヤブサ運輸,2024Q4,BS,短期借入金,,7000
ハヤブサ運輸,2024Q4,BS,その他流動負債,,600
ハヤブサ運輸,2024Q4,BS,長期借入金,,10700
ハヤブサ運輸,2024Q4,BS,その他固定負債,,2000
ハヤブサ運輸,2024Q4,BS,退職給付引当金,,5800
ハヤブサ運輸,2024Q4,BS,純資産合計,,101900
ハヤブサ運輸,2024Q4,PL,売上高,,77500
ハヤブサ運輸,2024Q4,PL,営業利益,,10500
ハヤブサ運輸,2024Q4,PL,税引前当期純利益,,10400
ハヤブサ運輸,2024Q4,PL,減価償却費,,4100
ハヤブサ運輸,2024Q4,PL,受取利息及び受取配当金,,200
ハヤブサ運輸,2024Q4,PL,支払利息,,1100
ハヤブサ運輸,2024Q4,PL,固定資産売却損益(益は+、損は−),,800
ハヤブサ運輸,2024Q4,PL,法人税等,,3300
ハヤブサ運輸,2024Q4,補足,有形固定資産の売却による収入,,1400
ハヤブサ運輸,2025Q1,BS,現金及び預金,,18700
ハヤブサ運輸,2025Q1,BS,預け金,,12400
ハヤブサ運輸,2025Q1,BS,営業債権,,27500
ハヤブサ運輸,2025Q1,BS,棚卸資産,,13200
ハヤブサ運輸,2025Q1,BS,その他流動資産,,3800
ハヤブサ運輸,2025Q1,BS,有形固定資産(純額),,55900
ハヤブサ運輸,2025Q1,BS,投資その他の資産,,6500
ハヤブサ運輸,2025Q1,BS,営業債務,,6300
ハヤブサ運輸,2025Q1,BS,短期借入金,,6500
ハヤブサ運輸,2025Q1,BS,その他流動負債,,1200
ハヤブサ運輸,2025Q1,BS,長期借入金,,9300
ハヤブサ運輸,2025Q1,BS,その他固定負債,,1400
ハヤブサ運輸,2025Q1,BS,退職給付引当金,,6400
ハヤブサ運輸,2025Q1,BS,純資産合計,,106900
ハヤブサ運輸,2025Q1,PL,売上高,,75000
ハヤブサ運輸,2025Q1,PL,営業利益,,7900
ハヤブサ運輸,2025Q1,PL,税引前当期純利益,,7400
ハヤブサ運輸,2025Q1,PL,減価償却費,,3700
ハヤブサ運輸,2025Q1,PL,受取利息及び受取配当金,,300
ハヤブサ運輸,2025Q1,PL,支払利息,,800
ハヤブサ運輸,2025Q1,PL,法人税等,,2400
ハヤブサ運輸,2025Q2,BS,現金及び預金,,14300
ハヤブサ運輸,2025Q2,BS,預け金,,13000
ハヤブサ運輸,2025Q2,BS,営業債権,,30500
ハヤブサ運輸,2025Q2,BS,棚卸資産,,14000
ハヤブサ運輸,2025Q2,BS,その他流動資産,,4400
ハヤブサ運輸,2025Q2,BS,有形固定資産(純額),,56800
ハヤブサ運輸,2025Q2,BS,投資その他の資産,,7500
ハヤブサ運輸,2025Q2,BS,営業債務,,6800
ハヤブサ運輸,2025Q2,BS,短期借入金,,6600
ハヤブサ運輸,2025Q2,BS,その他流動負債,,1300
ハヤブサ運輸,2025Q2,BS,長期借入金,,9500
ハヤブサ運輸,2025Q2,BS,その他固定負債,,1700
ハヤブサ運輸,2025Q2,BS,退職給付引当金,,6500
ハヤブサ運輸,2025Q2,BS,純資産合計,,108100
ハヤブサ運輸,2025Q2,PL,売上高,,74000
ハヤブサ運輸,2025Q2,PL,営業利益,,2400
ハヤブサ運輸,2025Q2,PL,税引前当期純利益,,1700
ハヤブサ運輸,2025Q2,PL,減価償却費,,6000
ハヤブサ運輸,2025Q2,PL,受取利息及び受取配当金,,300
ハヤブサ運輸,2025Q2,PL,支払利息,,1000
ハヤブサ運輸,2025Q2,PL,法人税等,,500
ハヤブサ運輸,2025Q3,BS,現金及び預金,,22000
ハヤブサ運輸,2025Q3,BS,預け金,,12100
ハヤブサ運輸,2025Q3,BS,営業債権,,31300
ハヤブサ運輸,2025Q3,BS,棚卸資産,,12500
ハヤブサ運輸,2025Q3,BS,その他流動資産,,4100
ハヤブサ運輸,2025Q3,BS,有形固定資産(純額),,55300
ハヤブサ運輸,2025Q3,BS,投資その他の資産,,6900
ハヤブサ運輸,2025Q3,BS,営業債務,,5000
ハヤブサ運輸,2025Q3,BS,短期借入金,,5900
ハヤブサ運輸,2025Q3,BS,その他流動負債,,500
ハヤブサ運輸,2025Q3,BS,長期借入金,,8300
ハヤブサ運輸,2025Q3,BS,その他固定負債,,2500
ハヤブサ運輸,2025Q3,BS,退職給付引当金,,6600
ハヤブサ運輸,2025Q3,BS,純資産合計,,115400
ハヤブサ運輸,2025Q3,PL,売上高,,72800
ハヤブサ運輸,2025Q3,PL,営業利益,,10600
ハヤブサ運輸,2025Q3,PL,税引前当期純利益,,10700
ハヤブサ運輸,2025Q3,PL,減価償却費,,4100
ハヤブサ運輸,2025Q3,PL,受取利息及び受取配当金,,400
ハヤブサ運輸,2025Q3,PL,支払利息,,800
ハヤブサ運輸,2025Q3,PL,固定資産売却損益(益は+、損は−),,500
ハヤブサ運輸,2025Q3,PL,法人税等,,3400
ハヤブサ運輸,2025Q3,補足,有形固定資産の売却による収入,,3400
ハヤブサ運輸,2025Q4,BS,現金及び預金,,19600
ハヤブサ運輸,2025Q4,BS,預け金,,11800
ハヤブサ運輸,2025Q4,BS,営業債権,,29600
ハヤブサ運輸,2025Q4,BS,棚卸資産,,11100
ハヤブサ運輸,2025Q4,BS,その他流動資産,,4800
ハヤブサ運輸,2025Q4,BS,有形固定資産(純額),,57900
ハヤブサ運輸,2025Q4,BS,投資その他の資産,,6900
ハヤブサ運輸,2025Q4,BS,営業債務,,3100
ハヤブサ運輸,2025Q4,BS,短期借入金,,4500
ハヤブサ運輸,2025Q4,BS,その他流動負債,,800
ハヤブサ運輸,2025Q4,BS,長期借入金,,4900
ハヤブサ運輸,2025Q4,BS,その他固定負債,,3000
ハヤブサ運輸,2025Q4,BS,退職給付引当金,,6300
ハヤブサ運輸,2025Q4,BS,純資産合計,,119100
ハヤブサ運輸,2025Q4,PL,売上高,,74300
ハヤブサ運輸,2025Q4,PL,営業利益,,5300
ハヤブサ運輸,2025Q4,PL,税引前当期純利益,,5400
ハヤブサ運輸,2025Q4,PL,減価償却費,,4100
ハヤブサ運輸,2025Q4,PL,受取利息及び受取配当金,,200
ハヤブサ運輸,2025Q4,PL,支払利息,,200
ハヤブサ運輸,2025Q4,PL,固定資産売却損益(益は+、損は−),,100
ハヤブサ運輸,2025Q4,PL,法人税等,,1700
ハヤブサ運輸,2025Q4,補足,有形固定資産の売却による収入,,2700
ハヤブサ運輸,2026Q1,BS,現金及び預金,,25600
ハヤブサ運輸,2026Q1,BS,預け金,,9900
ハヤブサ運輸,2026Q1,BS,営業債権,,33500
ハヤブサ運輸,2026Q1,BS,棚卸資産,,10100
ハヤブサ運輸,2026Q1,BS,その他流動資産,,5400
ハヤブサ運輸,2026Q1,BS,有形固定資産(純額),,58400
ハヤブサ運輸,2026Q1,BS,投資その他の資産,,8100
ハヤブサ運輸,2026Q1,BS,営業債務,,4700
ハヤブサ運輸,2026Q1,BS,短期借入金,,6600
ハヤブサ運輸,2026Q1,BS,その他流動負債,,1900
ハヤブサ運輸,2026Q1,BS,長期借入金,,5200
ハヤブサ運輸,2026Q1,BS,その他固定負債,,2900
ハヤブサ運輸,2026Q1,BS,退職給付引当金,,7000
ハヤブサ運輸,2026Q1,BS,純資産合計,,122700
ハヤブサ運輸,2026Q1,PL,売上高,,74100
ハヤブサ運輸,2026Q1,PL,営業利益,,8100
ハヤブサ運輸,2026Q1,PL,税引前当期純利益,,8300
ハヤブサ運輸,2026Q1,PL,減価償却費,,2300
ハヤブサ運輸,2026Q1,PL,受取利息及び受取配当金,,200
ハヤブサ運輸,2026Q1,PL,支払利息,,800
ハヤブサ運輸,2026Q1,PL,固定資産売却損益(益は+、損は−),,800
ハヤブサ運輸,2026Q1,PL,法人税等,,2700
ハヤブサ運輸,2026Q1,補足,有形固定資産の売却による収入,,700
ハヤブサ運輸,2026Q1,SS,剰余金の配当(配当金の支払額),,2000
イズミ建設,2023Q4,BS,現金及び預金,13100,14900
イズミ建設,2023Q4,BS,預け金,6700,5200
イズミ建設,2023Q4,BS,営業債権,11900,11000
イズミ建設,2023Q4,BS,棚卸資産,4800,6000
イズミ建設,2023Q4,BS,その他流動資産,1100,1700
イズミ建設,2023Q4,BS,有形固定資産(純額),23000,25100
イズミ建設,2023Q4,BS,投資その他の資産,2600,3800
イズミ建設,2023Q4,BS,営業債務,10100,12000
イズミ建設,2023Q4,BS,短期借入金,5700,6600
イズミ建設,2023Q4,BS,その他流動負債,2500,2400
イズミ建設,2023Q4,BS,長期借入金,24900,21800
イズミ建設,2023Q4,BS,その他固定負債,3600,4100
イズミ建設,2023Q4,BS,退職給付引当金,3300,4200
イズミ建設,2023Q4,BS,純資産合計,13100,16600
イズミ建設,2023Q4,PL,売上高,,49800
イズミ建設,2023Q4,PL,営業利益,,5600
イズミ建設,2023Q4,PL,税引前当期純利益,,5100
イズミ建設,2023Q4,PL,減価償却費,,1500
イズミ建設,2023Q4,PL,受取利息及び受取配当金,,100
イズミ建設,2023Q4,PL,支払利息,,600
イズミ建設,2023Q4,PL,法人税等,,1600
イズミ建設,2024Q1,BS,現金及び預金,,25300
イズミ建設,2024Q1,BS,預け金,,3400
イズミ建設,2024Q1,BS,営業債権,,12700
イズミ建設,2024Q1,BS,棚卸資産,,4600
イズミ建設,2024Q1,BS,その他流動資産,,2000
イズミ建設,2024Q1,BS,有形固定資産(純額),,24800
イズミ建設,2024Q1,BS,投資その他の資産,,4600
イズミ建設,2024Q1,BS,営業債務,,14900
イズミ建設,2024Q1,BS,短期借入金,,5400
イズミ建設,2024Q1,BS,その他流動負債,,3200
イズミ建設,2024Q1,BS,長期借入金,,24500
イズミ建設,2024Q1,BS,その他固定負債,,4100
イズミ建設,2024Q1,BS,退職給付引当金,,4100
イズミ建設,2024Q1,BS,純資産合計,,21200
イズミ建設,2024Q1,PL,売上高,,51700
イズミ建設,2024Q1,PL,営業利益,,7700
イズミ建設,2024Q1,PL,税引前当期純利益,,8300
イズミ建設,2024Q1,PL,減価償却費,,6000
イズミ建設,2024Q1,PL,受取利息及び受取配当金,,200
イズミ建設,2024Q1,PL,支払利息,,200
イズミ建設,2024Q1,PL,固定資産売却損益(益は+、損は−),,600
イズミ建設,2024Q1,PL,法人税等,,2700
イズミ建設,2024Q1,補足,有形固定資産の売却による収入,,3100
イズミ建設,2024Q1,SS,剰余金の配当(配当金の支払額),,1000
イズミ建設,2024Q2,BS,現金及び預金,,21300
イズミ建設,2024Q2,BS,預け金,,4100
イズミ建設,2024Q2,BS,営業債権,,11900
イズミ建設,2024Q2,BS,棚卸資産,,4300
イズミ建設,2024Q2,BS,その他流動資産,,2000
イズミ建設,2024Q2,BS,有形固定資産(純額),,28800
イズミ建設,2024Q2,BS,投資その他の資産,,4400
イズミ建設,2024Q2,BS,営業債務,,13000
イズミ建設,2024Q2,BS,短期借入金,,3300
イズミ建設,2024Q2,BS,その他流動負債,,3000
イズミ建設,2024Q2,BS,長期借入金,,22900
イズミ建設,2024Q2,BS,その他固定負債,,3900
イズミ建設,2024Q2,BS,退職給付引当金,,4900
イズミ建設,2024Q2,BS,純資産合計,,25800
イズミ建設,2024Q2,PL,売上高,,52900
イズミ建設,2024Q2,PL,営業利益,,7500
イズミ建設,2024Q2,PL,税引前当期純利益,,6800
イズミ建設,2024Q2,PL,減価償却費,,2700
イズミ建設,2024Q2,PL,受取利息及び受取配当金,,100
イズミ建設,2024Q2,PL,支払利息,,600
イズミ建設,2024Q2,PL,固定資産売却損益(益は+、損は−),,-200
イズミ建設,2024Q2,PL,法人税等,,2200
イズミ建設,2024Q2,補足,有形固定資産の売却による収入,,800
イズミ建設,2024Q3,BS,現金及び預金,,18600
イズミ建設,2024Q3,BS,預け金,,5000
イズミ建設,2024Q3,BS,営業債権,,15700
イズミ建設,2024Q3,BS,棚卸資産,,3800
イズミ建設,2024Q3,BS,その他流動資産,,2300
イズミ建設,2024Q3,BS,有形固定資産(純額),,27600
イズミ建設,2024Q3,BS,投資その他の資産,,3800
イズミ建設,2024Q3,BS,営業債務,,14300
イズミ建設,2024Q3,BS,短期借入金,,5900
イズミ建設,2024Q3,BS,その他流動負債,,2300
イズミ建設,2024Q3,BS,長期借入金,,19000
イズミ建設,2024Q3,BS,その他固定負債,,3900
イズミ建設,2024Q3,BS,退職給付引当金,,5800
イズミ建設,2024Q3,BS,純資産合計,,25600
イズミ建設,2024Q3,PL,売上高,,54900
イズミ建設,2024Q3,PL,営業利益,,400
イズミ建設,2024Q3,PL,税引前当期純利益,,-200
イズミ建設,2024Q3,PL,減価償却費,,5900
イズミ建設,2024Q3,PL,受取利息及び受取配当金,,200
イズミ建設,2024Q3,PL,支払利息,,800
イズミ建設,2024Q4,BS,現金及び預金,,22000
イズミ建設,2024Q4,BS,預け金,,4800
イズミ建設,2024Q4,BS,営業債権,,13000
イズミ建設,2024Q4,BS,棚卸資産,,2000
イズミ建設,2024Q4,BS,その他流動資産,,2600
イズミ建設,2024Q4,BS,有形固定資産(純額),,31800
イズミ建設,2024Q4,BS,投資その他の資産,,3600
イズミ建設,2024Q4,BS,営業債務,,13700
イズミ建設,2024Q4,BS,短期借入金,,4000
イズミ建設,2024Q4,BS,その他流動負債,,2000
イズミ建設,2024Q4,BS,長期借入金,,19000
イズミ建設,2024Q4,BS,その他固定負債,,4500
イズミ建設,2024Q4,BS,退職給付引当金,,5800
イズミ建設,2024Q4,BS,純資産合計,,30800
イズミ建設,2024Q4,PL,売上高,,58200
イズミ建設,2024Q4,PL,営業利益,,7900
イズミ建設,2024Q4,PL,税引前当期純利益,,7600
イズミ建設,2024Q4,PL,減価償却費,,2600
イズミ建設,2024Q4,PL,受取利息及び受取配当金,,300
イズミ建設,2024Q4,PL,支払利息,,800
イズミ建設,2024Q4,PL,固定資産売却損益(益は+、損は−),,200
イズミ建設,2024Q4,PL,法人税等,,2400
イズミ建設,2024Q4,補足,有形固定資産の売却による収入,,3200
イズミ建設,2025Q1,BS,現金及び預金,,26700
イズミ建設,2025Q1,BS,預け金,,5400
イズミ建設,2025Q1,BS,営業債権,,15200
イズミ建設,2025Q1,BS,棚卸資産,,300
イズミ建設,2025Q1,BS,その他流動資産,,2900
イズミ建設,2025Q1,BS,有形固定資産(純額),,30200
イズミ建設,2025Q1,BS,投資その他の資産,,2800
イズミ建設,2025Q1,BS,営業債務,,15800
イズミ建設,2025Q1,BS,短期借入金,,1900
イズミ建設,2025Q1,BS,その他流動負債,,1300
イズミ建設,2025Q1,BS,長期借入金,,20200
イズミ建設,2025Q1,BS,その他固定負債,,4800
イズミ建設,2025Q1,BS,退職給付引当金,,6300
イズミ建設,2025Q1,BS,純資産合計,,33200
イズミ建設,2025Q1,PL,売上高,,61400
イズミ建設,2025Q1,PL,営業利益,,6100
イズミ建設,2025Q1,PL,税引前当期純利益,,5500
イズミ建設,2025Q1,PL,減価償却費,,2300
イズミ建設,2025Q1,PL,受取利息及び受取配当金,,200
イズミ建設,2025Q1,PL,支払利息,,800
イズミ建設,2025Q1,PL,法人税等,,1800
イズミ建設,2025Q1,SS,剰余金の配当(配当金の支払額),,1300
イズミ建設,2025Q2,BS,現金及び預金,,28000
イズミ建設,2025Q2,BS,預け金,,5700
イズミ建設,2025Q2,BS,営業債権,,15500
イズミ建設,2025Q2,BS,棚卸資産,,2600
イズミ建設,2025Q2,BS,その他流動資産,,3300
イズミ建設,2025Q2,BS,有形固定資産(純額),,31400
イズミ建設,2025Q2,BS,投資その他の資産,,2200
イズミ建設,2025Q2,BS,営業債務,,15200
イズミ建設,2025Q2,BS,短期借入金,,800
イズミ建設,2025Q2,BS,その他流動負債,,400
イズミ建設,2025Q2,BS,長期借入金,,23200
イズミ建設,2025Q2,BS,その他固定負債,,4400
イズミ建設,2025Q2,BS,退職給付引当金,,6800
イズミ建設,2025Q2,BS,純資産合計,,37900
イズミ建設,2025Q2,PL,売上高,,61800
イズミ建設,2025Q2,PL,営業利益,,7600
イズミ建設,2025Q2,PL,税引前当期純利益,,6900
イズミ建設,2025Q2,PL,減価償却費,,3600
イズミ建設,2025Q2,PL,受取利息及び受取配当金,,200
イズミ建設,2025Q2,PL,支払利息,,900
イズミ建設,2025Q2,PL,法人税等,,2200
イズミ建設,2025Q3,BS,現金及び預金,,25900
イズミ建設,2025Q3,BS,預け金,,8000
イズミ建設,2025Q3,BS,営業債権,,14300
イズミ建設,2025Q3,BS,棚卸資産,,4100
イズミ建設,2025Q3,BS,その他流動資産,,3100
イズミ建設,2025Q3,BS,有形固定資産(純額),,34100
イズミ建設,2025Q3,BS,投資その他の資産,,1600
イズミ建設,2025Q3,BS,営業債務,,13300
イズミ建設,2025Q3,BS,短期借入金,,2100
イズミ建設,2025Q3,BS,その他流動負債,,900
イズミ建設,2025Q3,BS,長期借入金,,20200
イズミ建設,2025Q3,BS,その他固定負債,,4500
イズミ建設,2025Q3,BS,退職給付引当金,,7400
イズミ建設,2025Q3,BS,純資産合計,,42700
イズミ建設,2025Q3,PL,売上高,,64600
イズミ建設,2025Q3,PL,営業利益,,10300
イズミ建設,2025Q3,PL,税引前当期純利益,,9700
イズミ建設,2025Q3,PL,減価償却費,,2200
イズミ建設,2025Q3,PL,受取利息及び受取配当金,,200
イズミ建設,2025Q3,PL,支払利息,,800
イズミ建設,2025Q3,PL,法人税等,,3100
イズミ建設,2025Q3,SS,剰余金の配当(配当金の支払額),,1800
イズミ建設,2025Q4,BS,現金及び預金,,24300
イズミ建設,2025Q4,BS,預け金,,9700
イズミ建設,2025Q4,BS,営業債権,,17000
イズミ建設,2025Q4,BS,棚卸資産,,6200
イズミ建設,2025Q4,BS,その他流動資産,,2700
イズミ建設,2025Q4,BS,有形固定資産(純額),,35800
イズミ建設,2025Q4,BS,投資その他の資産,,700
イズミ建設,2025Q4,BS,営業債務,,14000
イズミ建設,2025Q4,BS,短期借入金,,4900
イズミ建設,2025Q4,BS,その他流動負債,,700
イズミ建設,2025Q4,BS,長期借入金,,19000
イズミ建設,2025Q4,BS,その他固定負債,,4700
イズミ建設,2025Q4,BS,退職給付引当金,,7500
イズミ建設,2025Q4,BS,純資産合計,,45600
イズミ建設,2025Q4,PL,売上高,,66200
イズミ建設,2025Q4,PL,営業利益,,4800
イズミ建設,2025Q4,PL,税引前当期純利益,,4300
イズミ建設,2025Q4,PL,減価償却費,,2200
イズミ建設,2025Q4,PL,受取利息及び受取配当金,,400
イズミ建設,2025Q4,PL,支払利息,,900
イズミ建設,2025Q4,PL,法人税等,,1400
イズミ建設,2026Q1,BS,現金及び預金,,21900
イズミ建設,2026Q1,BS,預け金,,11000
イズミ建設,2026Q1,BS,営業債権,,17700
イズミ建設,2026Q1,BS,棚卸資産,,5200
イズミ建設,2026Q1,BS,その他流動資産,,3400
イズミ建設,2026Q1,BS,有形固定資産(純額),,39500
イズミ建設,2026Q1,BS,投資その他の資産,,1300
イズミ建設,2026Q1,BS,営業債務,,15400
イズミ建設,2026Q1,BS,短期借入金,,4500
イズミ建設,2026Q1,BS,その他流動負債,,0
イズミ建設,2026Q1,BS,長期借入金,,18500
イズミ建設,2026Q1,BS,その他固定負債,,4700
イズミ建設,2026Q1,BS,退職給付引当金,,7300
イズミ建設,2026Q1,BS,純資産合計,,49600
イズミ建設,2026Q1,PL,売上高,,68600
イズミ建設,2026Q1,PL,営業利益,,9200
イズミ建設,2026Q1,PL,税引前当期純利益,,9200
イズミ建設,2026Q1,PL,減価償却費,,1800
イズミ建設,2026Q1,PL,受取利息及び受取配当金,,100
イズミ建設,2026Q1,PL,支払利息,,700
イズミ建設,2026Q1,PL,固定資産売却損益(益は+、損は−),,600
イズミ建設,2026Q1,PL,法人税等,,2900
イズミ建設,2026Q1,補足,有形固定資産の売却による収入,,1500
イズミ建設,2026Q1,SS,剰余金の配当(配当金の支払額),,2300
ジュピター商事,2023Q4,BS,現金及び預金,3200,500
ジュピター商事,2023Q4,BS,預け金,3800,3900
ジュピター商事,2023Q4,BS,営業債権,4600,5600
ジュピター商事,2023Q4,BS,棚卸資産,4900,5500
ジュピター商事,2023Q4,BS,その他流動資産,1400,1300
ジュピター商事,2023Q4,BS,有形固定資産(純額),8200,10200
ジュピター商事,2023Q4,BS,投資その他の資産,1600,1300
ジュピター商事,2023Q4,BS,営業債務,4000,4900
ジュピター商事,2023Q4,BS,短期借入金,2800,3600
ジュピター商事,2023Q4,BS,その他流動負債,1300,1100
ジュピター商事,2023Q4,BS,長期借入金,6600,6000
ジュピター商事,2023Q4,BS,その他固定負債,1700,1500
ジュピター商事,2023Q4,BS,退職給付引当金,2400,2400
ジュピター商事,2023Q4,BS,純資産合計,8900,8800
ジュピター商事,2023Q4,PL,売上高,,23800
ジュピター商事,2023Q4,PL,営業利益,,-200
ジュピター商事,2023Q4,PL,税引前当期純利益,,-100
ジュピター商事,2023Q4,PL,減価償却費,,2400
ジュピター商事,2023Q4,PL,受取利息及び受取配当金,,100
ジュピター商事,2023Q4,PL,支払利息,,200
ジュピター商事,2023Q4,PL,固定資産売却損益(益は+、損は−),,200
ジュピター商事,2023Q4,補足,有形固定資産の売却による収入,,1400
ジュピター商事,2024Q1,BS,現金及び預金,,500
ジュピター商事,2024Q1,BS,預け金,,4200
ジュピター商事,2024Q1,BS,営業債権,,5000
ジュピター商事,2024Q1,BS,棚卸資産,,6300
ジュピター商事,2024Q1,BS,その他流動資産,,1500
ジュピター商事,2024Q1,BS,有形固定資産(純額),,9500
ジュピター商事,2024Q1,BS,投資その他の資産,,1300
ジュピター商事,2024Q1,BS,営業債務,,4800
ジュピター商事,2024Q1,BS,短期借入金,,3500
ジュピター商事,2024Q1,BS,その他流動負債,,1300
ジュピター商事,2024Q1,BS,長期借入金,,5900
ジュピター商事,2024Q1,BS,その他固定負債,,1400
ジュピター商事,2024Q1,BS,退職給付引当金,,2400
ジュピター商事,2024Q1,BS,純資産合計,,9000
ジュピター商事,2024Q1,PL,売上高,,23500
ジュピター商事,2024Q1,PL,営業利益,,400
ジュピター商事,2024Q1,PL,税引前当期純利益,,300
ジュピター商事,2024Q1,PL,減価償却費,,1200
ジュピター商事,2024Q1,PL,受取利息及び受取配当金,,100
ジュピター商事,2024Q1,PL,支払利息,,200
ジュピター商事,2024Q1,PL,法人税等,,100
ジュピター商事,2024Q2,BS,現金及び預金,,3500
ジュピター商事,2024Q2,BS,預け金,,4100
ジュピター商事,2024Q2,BS,営業債権,,4200
ジュピター商事,2024Q2,BS,棚卸資産,,5600
ジュピター商事,2024Q2,BS,その他流動資産,,1500
ジュピター商事,2024Q2,BS,有形固定資産(純額),,8900
ジュピター商事,2024Q2,BS,投資その他の資産,,1300
ジュピター商事,2024Q2,BS,営業債務,,4300
ジュピター商事,2024Q2,BS,短期借入金,,4700
ジュピター商事,2024Q2,BS,その他流動負債,,1100
ジュピター商事,2024Q2,BS,長期借入金,,5900
ジュピター商事,2024Q2,BS,その他固定負債,,1600
ジュピター商事,2024Q2,BS,退職給付引当金,,2600
ジュピター商事,2024Q2,BS,純資産合計,,8900
ジュピター商事,2024Q2,PL,売上高,,23500
ジュピター商事,2024Q2,PL,営業利益,,-100
ジュピター商事,2024Q2,PL,税引前当期純利益,,-100
ジュピター商事,2024Q2,PL,減価償却費,,1200
ジュピター商事,2024Q2,PL,受取利息及び受取配当金,,100
ジュピター商事,2024Q2,PL,支払利息,,100
ジュピター商事,2024Q3,BS,現金及び預金,,3300
ジュピター商事,2024Q3,BS,預け金,,5000
ジュピター商事,2024Q3,BS,営業債権,,3400
ジュピター商事,2024Q3,BS,棚卸資産,,6000
ジュピター商事,2024Q3,BS,その他流動資産,,1400
ジュピター商事,2024Q3,BS,有形固定資産(純額),,9600
ジュピター商事,2024Q3,BS,投資その他の資産,,900
ジュピター商事,2024Q3,BS,営業債務,,4000
ジュピター商事,2024Q3,BS,短期借入金,,3900
ジュピター商事,2024Q3,BS,その他流動負債,,1300
ジュピター商事,2024Q3,BS,長期借入金,,5600
ジュピター商事,2024Q3,BS,その他固定負債,,1700
ジュピター商事,2024Q3,BS,退職給付引当金,,2900
ジュピター商事,2024Q3,BS,純資産合計,,10200
ジュピター商事,2024Q3,PL,売上高,,23300
ジュピター商事,2024Q3,PL,営業利益,,2700
ジュピター商事,2024Q3,PL,税引前当期純利益,,2400
ジュピター商事,2024Q3,PL,減価償却費,,2200
ジュピター商事,2024Q3,PL,支払利息,,100
ジュピター商事,2024Q3,PL,固定資産売却損益(益は+、損は−),,-200
ジュピター商事,2024Q3,PL,法人税等,,800
ジュピター商事,2024Q3,補足,有形固定資産の売却による収入,,900
ジュピター商事,2024Q3,SS,剰余金の配当(配当金の支払額),,300
ジュピター商事,2024Q4,BS,現金及び預金,,2300
ジュピター商事,2024Q4,BS,預け金,,4200
ジュピター商事,2024Q4,BS,営業債権,,4200
ジュピター商事,2024Q4,BS,棚卸資産,,5800
ジュピター商事,2024Q4,BS,その他流動資産,,1600
ジュピター商事,2024Q4,BS,有形固定資産(純額),,11200
ジュピター商事,2024Q4,BS,投資その他の資産,,900
ジュピター商事,2024Q4,BS,営業債務,,3300
ジュピター商事,2024Q4,BS,短期借入金,,4000
ジュピター商事,2024Q4,BS,その他流動負債,,1300
ジュピター商事,2024Q4,BS,長期借入金,,6600
ジュピター商事,2024Q4,BS,その他固定負債,,1800
ジュピター商事,2024Q4,BS,退職給付引当金,,3100
ジュピター商事,2024Q4,BS,純資産合計,,10100
ジュピター商事,2024Q4,PL,売上高,,23800
ジュピター商事,2024Q4,PL,営業利益,,-100
ジュピター商事,2024Q4,PL,税引前当期純利益,,-100
ジュピター商事,2024Q4,PL,減価償却費,,900
ジュピター商事,2024Q4,PL,受取利息及び受取配当金,,100
ジュピター商事,2024Q4,PL,支払利息,,400
ジュピター商事,2024Q4,PL,固定資産売却損益(益は+、損は−),,300
ジュピター商事,2024Q4,補足,有形固定資産の売却による収入,,700
ジュピター商事,2025Q1,BS,現金及び預金,,3300
ジュピター商事,2025Q1,BS,預け金,,5100
ジュピター商事,2025Q1,BS,営業債権,,3400
ジュピター商事,2025Q1,BS,棚卸資産,,6300
ジュピター商事,2025Q1,BS,その他流動資産,,1700
ジュピター商事,2025Q1,BS,有形固定資産(純額),,11900
ジュピター商事,2025Q1,BS,投資その他の資産,,900
ジュピター商事,2025Q1,BS,営業債務,,4000
ジュピター商事,2025Q1,BS,短期借入金,,4500
ジュピター商事,2025Q1,BS,その他流動負債,,1700
ジュピター商事,2025Q1,BS,長期借入金,,6600
ジュピター商事,2025Q1,BS,その他固定負債,,1700
ジュピター商事,2025Q1,BS,退職給付引当金,,3400
ジュピター商事,2025Q1,BS,純資産合計,,10700
ジュピター商事,2025Q1,PL,売上高,,24000
ジュピター商事,2025Q1,PL,営業利益,,1800
ジュピター商事,2025Q1,PL,税引前当期純利益,,1600
ジュピター商事,2025Q1,PL,減価償却費,,2300
ジュピター商事,2025Q1,PL,支払利息,,400
ジュピター商事,2025Q1,PL,固定資産売却損益(益は+、損は−),,200
ジュピター商事,2025Q1,PL,法人税等,,500
ジュピター商事,2025Q1,補足,有形固定資産の売却による収入,,600
ジュピター商事,2025Q1,SS,剰余金の配当(配当金の支払額),,500
ジュピター商事,2025Q2,BS,現金及び預金,,2900
ジュピター商事,2025Q2,BS,預け金,,5300
ジュピター商事,2025Q2,BS,営業債権,,4300
ジュピター商事,2025Q2,BS,棚卸資産,,7100
ジュピター商事,2025Q2,BS,その他流動資産,,1700
ジュピター商事,2025Q2,BS,有形固定資産(純額),,12700
ジュピター商事,2025Q2,BS,投資その他の資産,,1400
ジュピター商事,2025Q2,BS,営業債務,,4400
ジュピター商事,2025Q2,BS,短期借入金,,5300
ジュピター商事,2025Q2,BS,その他流動負債,,2100
ジュピター商事,2025Q2,BS,長期借入金,,6800
ジュピター商事,2025Q2,BS,その他固定負債,,1800
ジュピター商事,2025Q2,BS,退職給付引当金,,3600
ジュピター商事,2025Q2,BS,純資産合計,,11400
ジュピター商事,2025Q2,PL,売上高,,24800
ジュピター商事,2025Q2,PL,営業利益,,1400
ジュピター商事,2025Q2,PL,税引前当期純利益,,1000
ジュピター商事,2025Q2,PL,減価償却費,,1200
ジュピター商事,2025Q2,PL,支払利息,,400
ジュピター商事,2025Q2,PL,法人税等,,300
ジュピター商事,2025Q3,BS,現金及び預金,,2200
ジュピター商事,2025Q3,BS,預け金,,5800
ジュピター商事,2025Q3,BS,営業債権,,4500
ジュピター商事,2025Q3,BS,棚卸資産,,7400
ジュピター商事,2025Q3,BS,その他流動資産,,1500
ジュピター商事,2025Q3,BS,有形固定資産(純額),,13100
ジュピター商事,2025Q3,BS,投資その他の資産,,1800
ジュピター商事,2025Q3,BS,営業債務,,3600
ジュピター商事,2025Q3,BS,短期借入金,,6200
ジュピター商事,2025Q3,BS,その他流動負債,,2000
ジュピター商事,2025Q3,BS,長期借入金,,5800
ジュピター商事,2025Q3,BS,その他固定負債,,2000
ジュピター商事,2025Q3,BS,退職給付引当金,,3600
ジュピター商事,2025Q3,BS,純資産合計,,13100
ジュピター商事,2025Q3,PL,売上高,,24500
ジュピター商事,2025Q3,PL,営業利益,,2700
ジュピター商事,2025Q3,PL,税引前当期純利益,,2500
ジュピター商事,2025Q3,PL,減価償却費,,1600
ジュピター商事,2025Q3,PL,受取利息及び受取配当金,,100
ジュピター商事,2025Q3,PL,支払利息,,300
ジュピター商事,2025Q3,PL,法人税等,,800
ジュピター商事,2025Q4,BS,現金及び預金,,1100
ジュピター商事,2025Q4,BS,預け金,,6600
ジュピター商事,2025Q4,BS,営業債権,,4800
ジュピター商事,2025Q4,BS,棚卸資産,,7200
ジュピター商事,2025Q4,BS,その他流動資産,,1700
ジュピター商事,2025Q4,BS,有形固定資産(純額),,14000
ジュピター商事,2025Q4,BS,投資その他の資産,,2000
ジュピター商事,2025Q4,BS,営業債務,,3800
ジュピター商事,2025Q4,BS,短期借入金,,6300
ジュピター商事,2025Q4,BS,その他流動負債,,1800
ジュピター商事,2025Q4,BS,長期借入金,,4900
ジュピター商事,2025Q4,BS,その他固定負債,,2200
ジュピター商事,2025Q4,BS,退職給付引当金,,3500
ジュピター商事,2025Q4,BS,純資産合計,,14900
ジュピター商事,2025Q4,PL,売上高,,25300
ジュピター商事,2025Q4,PL,営業利益,,2700
ジュピター商事,2025Q4,PL,税引前当期純利益,,2600
ジュピター商事,2025Q4,PL,減価償却費,,1900
ジュピター商事,2025Q4,PL,受取利息及び受取配当金,,100
ジュピター商事,2025Q4,PL,支払利息,,200
ジュピター商事,2025Q4,PL,法人税等,,800
ジュピター商事,2026Q1,BS,現金及び預金,,2100
ジュピター商事,2026Q1,BS,預け金,,6400
ジュピター商事,2026Q1,BS,営業債権,,5300
ジュピター商事,2026Q1,BS,棚卸資産,,7000
ジュピター商事,2026Q1,BS,その他流動資産,,1500
ジュピター商事,2026Q1,BS,有形固定資産(純額),,13800
ジュピター商事,2026Q1,BS,投資その他の資産,,1800
ジュピター商事,2026Q1,BS,営業債務,,4200
ジュピター商事,2026Q1,BS,短期借入金,,5500
ジュピター商事,2026Q1,BS,その他流動負債,,2100
ジュピター商事,2026Q1,BS,長期借入金,,3800
ジュピター商事,2026Q1,BS,その他固定負債,,2500
ジュピター商事,2026Q1,BS,退職給付引当金,,3300
ジュピター商事,2026Q1,BS,純資産合計,,16500
ジュピター商事,2026Q1,PL,売上高,,25700
ジュピター商事,2026Q1,PL,営業利益,,3100
ジュピター商事,2026Q1,PL,税引前当期純利益,,2900
ジュピター商事,2026Q1,PL,減価償却費,,1100
ジュピター商事,2026Q1,PL,受取利息及び受取配当金,,100
ジュピター商事,2026Q1,PL,支払利息,,300
ジュピター商事,2026Q1,PL,法人税等,,900
ジュピター商事,2026Q1,SS,剰余金の配当(配当金の支払額),,400
ケヤキ製作所,2023Q4,BS,現金及び預金,15600,12400
ケヤキ製作所,2023Q4,BS,預け金,11200,10200
ケヤキ製作所,2023Q4,BS,営業債権,17300,15100
ケヤキ製作所,2023Q4,BS,棚卸資産,10400,12600
ケヤキ製作所,2023Q4,BS,その他流動資産,1800,1800
ケヤキ製作所,2023Q4,BS,有形固定資産(純額),22200,21900
ケヤキ製作所,2023Q4,BS,投資その他の資産,1900,3400
ケヤキ製作所,2023Q4,BS,営業債務,6900,5600
ケヤキ製作所,2023Q4,BS,短期借入金,3500,2500
ケヤキ製作所,2023Q4,BS,その他流動負債,3900,4000
ケヤキ製作所,2023Q4,BS,長期借入金,9600,7600
ケヤキ製作所,2023Q4,BS,その他固定負債,3100,3300
ケヤキ製作所,2023Q4,BS,退職給付引当金,3000,2800
ケヤキ製作所,2023Q4,BS,純資産合計,50400,51600
ケヤキ製作所,2023Q4,PL,売上高,,84600
ケヤキ製作所,2023Q4,PL,営業利益,,2600
ケヤキ製作所,2023Q4,PL,税引前当期純利益,,1800
ケヤキ製作所,2023Q4,PL,減価償却費,,3000
ケヤキ製作所,2023Q4,PL,受取利息及び受取配当金,,100
ケヤキ製作所,2023Q4,PL,支払利息,,900
ケヤキ製作所,2023Q4,PL,法人税等,,600
ケヤキ製作所,2024Q1,BS,現金及び預金,,500
ケヤキ製作所,2024Q1,BS,預け金,,11900
ケヤキ製作所,2024Q1,BS,営業債権,,17200
ケヤキ製作所,2024Q1,BS,棚卸資産,,12400
ケヤキ製作所,2024Q1,BS,その他流動資産,,2100
ケヤキ製作所,2024Q1,BS,有形固定資産(純額),,25400
ケヤキ製作所,2024Q1,BS,投資その他の資産,,2900
ケヤキ製作所,2024Q1,BS,営業債務,,5100
ケヤキ製作所,2024Q1,BS,短期借入金,,1500
ケヤキ製作所,2024Q1,BS,その他流動負債,,3700
ケヤキ製作所,2024Q1,BS,長期借入金,,3800
ケヤキ製作所,2024Q1,BS,その他固定負債,,3100
ケヤキ製作所,2024Q1,BS,退職給付引当金,,3200
ケヤキ製作所,2024Q1,BS,純資産合計,,52000
ケヤキ製作所,2024Q1,PL,売上高,,85200
ケヤキ製作所,2024Q1,PL,営業利益,,1100
ケヤキ製作所,2024Q1,PL,税引前当期純利益,,600
ケヤキ製作所,2024Q1,PL,減価償却費,,5000
ケヤキ製作所,2024Q1,PL,受取利息及び受取配当金,,200
ケヤキ製作所,2024Q1,PL,支払利息,,700
ケヤキ製作所,2024Q1,PL,法人税等,,200
ケヤキ製作所,2024Q2,BS,現金及び預金,,500
ケヤキ製作所,2024Q2,BS,預け金,,14700
ケヤキ製作所,2024Q2,BS,営業債権,,19900
ケヤキ製作所,2024Q2,BS,棚卸資産,,14100
ケヤキ製作所,2024Q2,BS,その他流動資産,,2600
ケヤキ製作所,2024Q2,BS,有形固定資産(純額),,29000
ケヤキ製作所,2024Q2,BS,投資その他の資産,,3600
ケヤキ製作所,2024Q2,BS,営業債務,,4200
ケヤキ製作所,2024Q2,BS,短期借入金,,8300
ケヤキ製作所,2024Q2,BS,その他流動負債,,4500
ケヤキ製作所,2024Q2,BS,長期借入金,,3400
ケヤキ製作所,2024Q2,BS,その他固定負債,,2500
ケヤキ製作所,2024Q2,BS,退職給付引当金,,4000
ケヤキ製作所,2024Q2,BS,純資産合計,,57500
ケヤキ製作所,2024Q2,PL,売上高,,89600
ケヤキ製作所,2024Q2,PL,営業利益,,12100
ケヤキ製作所,2024Q2,PL,税引前当期純利益,,11600
ケヤキ製作所,2024Q2,PL,減価償却費,,5600
ケヤキ製作所,2024Q2,PL,受取利息及び受取配当金,,100
ケヤキ製作所,2024Q2,PL,支払利息,,600
ケヤキ製作所,2024Q2,PL,法人税等,,3700
ケヤキ製作所,2024Q2,SS,自己株式の取得,,2400
ケヤキ製作所,2024Q3,BS,現金及び預金,,500
ケヤキ製作所,2024Q3,BS,預け金,,12300
ケヤキ製作所,2024Q3,BS,営業債権,,23700
ケヤキ製作所,2024Q3,BS,棚卸資産,,12200
ケヤキ製作所,2024Q3,BS,その他流動資産,,2300
ケヤキ製作所,2024Q3,BS,有形固定資産(純額),,31700
ケヤキ製作所,2024Q3,BS,投資その他の資産,,2900
ケヤキ製作所,2024Q3,BS,営業債務,,6900
ケヤキ製作所,2024Q3,BS,短期借入金,,11200
ケヤキ製作所,2024Q3,BS,その他流動負債,,5300
ケヤキ製作所,2024Q3,BS,長期借入金,,500
ケヤキ製作所,2024Q3,BS,その他固定負債,,2100
ケヤキ製作所,2024Q3,BS,退職給付引当金,,3800
ケヤキ製作所,2024Q3,BS,純資産合計,,55800
ケヤキ製作所,2024Q3,PL,売上高,,92400
ケヤキ製作所,2024Q3,PL,営業利益,,-1100
ケヤキ製作所,2024Q3,PL,税引前当期純利益,,-1700
ケヤキ製作所,2024Q3,PL,減価償却費,,4000
ケヤキ製作所,2024Q3,PL,受取利息及び受取配当金,,200
ケヤキ製作所,2024Q3,PL,支払利息,,1000
ケヤキ製作所,2024Q3,PL,固定資産売却損益(益は+、損は−),,200
ケヤキ製作所,2024Q3,補足,有形固定資産の売却による収入,,2100
ケヤキ製作所,2024Q4,BS,現金及び預金,,4200
ケヤキ製作所,2024Q4,BS,預け金,,13300
ケヤキ製作所,2024Q4,BS,営業債権,,21900
ケヤキ製作所,2024Q4,BS,棚卸資産,,13100
ケヤキ製作所,2024Q4,BS,その他流動資産,,2100
ケヤキ製作所,2024Q4,BS,有形固定資産(純額),,34800
ケヤキ製作所,2024Q4,BS,投資その他の資産,,3200
ケヤキ製作所,2024Q4,BS,営業債務,,7200
ケヤキ製作所,2024Q4,BS,短期借入金,,11600
ケヤキ製作所,2024Q4,BS,その他流動負債,,6200
ケヤキ製作所,2024Q4,BS,長期借入金,,3700
ケヤキ製作所,2024Q4,BS,その他固定負債,,2200
ケヤキ製作所,2024Q4,BS,退職給付引当金,,4400
ケヤキ製作所,2024Q4,BS,純資産合計,,57300
ケヤキ製作所,2024Q4,PL,売上高,,96800
ケヤキ製作所,2024Q4,PL,営業利益,,2500
ケヤキ製作所,2024Q4,PL,税引前当期純利益,,2200
ケヤキ製作所,2024Q4,PL,減価償却費,,2000
ケヤキ製作所,2024Q4,PL,受取利息及び受取配当金,,200
ケヤキ製作所,2024Q4,PL,支払利息,,500
ケヤキ製作所,2024Q4,PL,法人税等,,700
ケヤキ製作所,2025Q1,BS,現金及び預金,,16100
ケヤキ製作所,2025Q1,BS,預け金,,11000
ケヤキ製作所,2025Q1,BS,営業債権,,25000
ケヤキ製作所,2025Q1,BS,棚卸資産,,14700
ケヤキ製作所,2025Q1,BS,その他流動資産,,2200
ケヤキ製作所,2025Q1,BS,有形固定資産(純額),,33000
ケヤキ製作所,2025Q1,BS,投資その他の資産,,3500
ケヤキ製作所,2025Q1,BS,営業債務,,9600
ケヤキ製作所,2025Q1,BS,短期借入金,,13700
ケヤキ製作所,2025Q1,BS,その他流動負債,,6500
ケヤキ製作所,2025Q1,BS,長期借入金,,4600
ケヤキ製作所,2025Q1,BS,その他固定負債,,2100
ケヤキ製作所,2025Q1,BS,退職給付引当金,,4100
ケヤキ製作所,2025Q1,BS,純資産合計,,64900
ケヤキ製作所,2025Q1,PL,売上高,,99400
ケヤキ製作所,2025Q1,PL,営業利益,,12200
ケヤキ製作所,2025Q1,PL,税引前当期純利益,,11200
ケヤキ製作所,2025Q1,PL,減価償却費,,2900
ケヤキ製作所,2025Q1,PL,受取利息及び受取配当金,,200
ケヤキ製作所,2025Q1,PL,支払利息,,1200
ケヤキ製作所,2025Q1,PL,法人税等,,3600
ケヤキ製作所,2025Q2,BS,現金及び預金,,20000
ケヤキ製作所,2025Q2,BS,預け金,,12300
ケヤキ製作所,2025Q2,BS,営業債権,,24000
ケヤキ製作所,2025Q2,BS,棚卸資産,,15000
ケヤキ製作所,2025Q2,BS,その他流動資産,,3000
ケヤキ製作所,2025Q2,BS,有形固定資産(純額),,32800
ケヤキ製作所,2025Q2,BS,投資その他の資産,,3500
ケヤキ製作所,2025Q2,BS,営業債務,,11500
ケヤキ製作所,2025Q2,BS,短期借入金,,14100
ケヤキ製作所,2025Q2,BS,その他流動負債,,7700
ケヤキ製作所,2025Q2,BS,長期借入金,,4400
ケヤキ製作所,2025Q2,BS,その他固定負債,,2700
ケヤキ製作所,2025Q2,BS,退職給付引当金,,4700
ケヤキ製作所,2025Q2,BS,純資産合計,,65500
ケヤキ製作所,2025Q2,PL,売上高,,103000
ケヤキ製作所,2025Q2,PL,営業利益,,800
ケヤキ製作所,2025Q2,PL,税引前当期純利益,,900
ケヤキ製作所,2025Q2,PL,減価償却費,,2800
ケヤキ製作所,2025Q2,PL,受取利息及び受取配当金,,300
ケヤキ製作所,2025Q2,PL,支払利息,,200
ケヤキ製作所,2025Q2,PL,法人税等,,300
ケヤキ製作所,2025Q3,BS,現金及び預金,,20800
ケヤキ製作所,2025Q3,BS,預け金,,11300
ケヤキ製作所,2025Q3,BS,営業債権,,27000
ケヤキ製作所,2025Q3,BS,棚卸資産,,13900
ケヤキ製作所,2025Q3,BS,その他流動資産,,3800
ケヤキ製作所,2025Q3,BS,有形固定資産(純額),,34300
ケヤキ製作所,2025Q3,BS,投資その他の資産,,5000
ケヤキ製作所,2025Q3,BS,営業債務,,9400
ケヤキ製作所,2025Q3,BS,短期借入金,,12800
ケヤキ製作所,2025Q3,BS,その他流動負債,,7500
ケヤキ製作所,2025Q3,BS,長期借入金,,7100
ケヤキ製作所,2025Q3,BS,その他固定負債,,2800
ケヤキ製作所,2025Q3,BS,退職給付引当金,,5000
ケヤキ製作所,2025Q3,BS,純資産合計,,71500
ケヤキ製作所,2025Q3,PL,売上高,,103500
ケヤキ製作所,2025Q3,PL,営業利益,,12900
ケヤキ製作所,2025Q3,PL,税引前当期純利益,,12000
ケヤキ製作所,2025Q3,PL,減価償却費,,4100
ケヤキ製作所,2025Q3,PL,受取利息及び受取配当金,,100
ケヤキ製作所,2025Q3,PL,支払利息,,1000
ケヤキ製作所,2025Q3,PL,法人税等,,3800
ケヤキ製作所,2025Q3,SS,剰余金の配当(配当金の支払額),,2200
ケヤキ製作所,2025Q4,BS,現金及び預金,,28000
ケヤキ製作所,2025Q4,BS,預け金,,9800
ケヤキ製作所,2025Q4,BS,営業債権,,28200
ケヤキ製作所,2025Q4,BS,棚卸資産,,14400
ケヤキ製作所,2025Q4,BS,その他流動資産,,3700
ケヤキ製作所,2025Q4,BS,有形固定資産(純額),,36000
ケヤキ製作所,2025Q4,BS,投資その他の資産,,4300
ケヤキ製作所,2025Q4,BS,営業債務,,10300
ケヤキ製作所,2025Q4,BS,短期借入金,,11000
ケヤキ製作所,2025Q4,BS,その他流動負債,,7000
ケヤキ製作所,2025Q4,BS,長期借入金,,5900
ケヤキ製作所,2025Q4,BS,その他固定負債,,3600
ケヤキ製作所,2025Q4,BS,退職給付引当金,,5000
ケヤキ製作所,2025Q4,BS,純資産合計,,81600
ケヤキ製作所,2025Q4,PL,売上高,,104900
ケヤキ製作所,2025Q4,PL,営業利益,,15300
ケヤキ製作所,2025Q4,PL,税引前当期純利益,,14900
ケヤキ製作所,2025Q4,PL,減価償却費,,3800
ケヤキ製作所,2025Q4,PL,受取利息及び受取配当金,,200
ケヤキ製作所,2025Q4,PL,支払利息,,600
ケヤキ製作所,2025Q4,PL,法人税等,,4800
ケヤキ製作所,2026Q1,BS,現金及び預金,,30900
ケヤキ製作所,2026Q1,BS,預け金,,7900
ケヤキ製作所,2026Q1,BS,営業債権,,31600
ケヤキ製作所,2026Q1,BS,棚卸資産,,12600
ケヤキ製作所,2026Q1,BS,その他流動資産,,3600
ケヤキ製作所,2026Q1,BS,有形固定資産(純額),,38000
ケヤキ製作所,2026Q1,BS,投資その他の資産,,3500
ケヤキ製作所,2026Q1,BS,営業債務,,11000
ケヤキ製作所,2026Q1,BS,短期借入金,,11500
ケヤキ製作所,2026Q1,BS,その他流動負債,,6200
ケヤキ製作所,2026Q1,BS,長期借入金,,3700
ケヤキ製作所,2026Q1,BS,その他固定負債,,4300
ケヤキ製作所,2026Q1,BS,退職給付引当金,,5200
ケヤキ製作所,2026Q1,BS,純資産合計,,86200
ケヤキ製作所,2026Q1,PL,売上高,,105300
ケヤキ製作所,2026Q1,PL,営業利益,,12100
ケヤキ製作所,2026Q1,PL,税引前当期純利益,,11100
ケヤキ製作所,2026Q1,PL,減価償却費,,6000
ケヤキ製作所,2026Q1,PL,受取利息及び受取配当金,,200
ケヤキ製作所,2026Q1,PL,支払利息,,1200
ケヤキ製作所,2026Q1,PL,法人税等,,3600
ケヤキ製作所,2026Q1,SS,剰余金の配当(配当金の支払額),,2900
ルミナス光学,2023Q4,BS,現金及び預金,19600,22700
ルミナス光学,2023Q4,BS,預け金,10500,8300
ルミナス光学,2023Q4,BS,営業債権,17100,16800
ルミナス光学,2023Q4,BS,棚卸資産,7200,9100
ルミナス光学,2023Q4,BS,その他流動資産,1000,1600
ルミナス光学,2023Q4,BS,有形固定資産(純額),38200,41300
ルミナス光学,2023Q4,BS,投資その他の資産,8100,7400
ルミナス光学,2023Q4,BS,営業債務,13500,15500
ルミナス光学,2023Q4,BS,短期借入金,1100,500
ルミナス光学,2023Q4,BS,その他流動負債,4300,4800
ルミナス光学,2023Q4,BS,長期借入金,27100,25000
ルミナス光学,2023Q4,BS,その他固定負債,3400,3300
ルミナス光学,2023Q4,BS,退職給付引当金,4800,5700
ルミナス光学,2023Q4,BS,純資産合計,47500,52400
ルミナス光学,2023Q4,PL,売上高,,74000
ルミナス光学,2023Q4,PL,営業利益,,7800
ルミナス光学,2023Q4,PL,税引前当期純利益,,7200
ルミナス光学,2023Q4,PL,減価償却費,,3000
ルミナス光学,2023Q4,PL,受取利息及び受取配当金,,200
ルミナス光学,2023Q4,PL,支払利息,,200
ルミナス光学,2023Q4,PL,固定資産売却損益(益は+、損は−),,-600
ルミナス光学,2023Q4,PL,法人税等,,2300
ルミナス光学,2023Q4,補足,有形固定資産の売却による収入,,1100
ルミナス光学,2024Q1,BS,現金及び預金,,22500
ルミナス光学,2024Q1,BS,預け金,,10200
ルミナス光学,2024Q1,BS,営業債権,,20800
ルミナス光学,2024Q1,BS,棚卸資産,,9300
ルミナス光学,2024Q1,BS,その他流動資産,,1800
ルミナス光学,2024Q1,BS,有形固定資産(純額),,41300
ルミナス光学,2024Q1,BS,投資その他の資産,,8500
ルミナス光学,2024Q1,BS,営業債務,,15500
ルミナス光学,2024Q1,BS,短期借入金,,0
ルミナス光学,2024Q1,BS,その他流動負債,,4200
ルミナス光学,2024Q1,BS,長期借入金,,26500
ルミナス光学,2024Q1,BS,その他固定負債,,2700
ルミナス光学,2024Q1,BS,退職給付引当金,,5700
ルミナス光学,2024Q1,BS,純資産合計,,59800
ルミナス光学,2024Q1,PL,売上高,,72700
ルミナス光学,2024Q1,PL,営業利益,,11300
ルミナス光学,2024Q1,PL,税引前当期純利益,,10900
ルミナス光学,2024Q1,PL,減価償却費,,4100
ルミナス光学,2024Q1,PL,受取利息及び受取配当金,,300
ルミナス光学,2024Q1,PL,支払利息,,700
ルミナス光学,2024Q1,PL,法人税等,,3500
ルミナス光学,2024Q1,補足,有形固定資産の売却による収入,,1000
ルミナス光学,2024Q2,BS,現金及び預金,,22900
ルミナス光学,2024Q2,BS,預け金,,8000
ルミナス光学,2024Q2,BS,営業債権,,24700
ルミナス光学,2024Q2,BS,棚卸資産,,9900
ルミナス光学,2024Q2,BS,その他流動資産,,2500
ルミナス光学,2024Q2,BS,有形固定資産(純額),,45000
ルミナス光学,2024Q2,BS,投資その他の資産,,9600
ルミナス光学,2024Q2,BS,営業債務,,16500
ルミナス光学,2024Q2,BS,短期借入金,,2800
ルミナス光学,2024Q2,BS,その他流動負債,,4400
ルミナス光学,2024Q2,BS,長期借入金,,27900
ルミナス光学,2024Q2,BS,その他固定負債,,3500
ルミナス光学,2024Q2,BS,退職給付引当金,,6400
ルミナス光学,2024Q2,BS,純資産合計,,61100
ルミナス光学,2024Q2,PL,売上高,,71600
ルミナス光学,2024Q2,PL,営業利益,,1600
ルミナス光学,2024Q2,PL,税引前当期純利益,,1900
ルミナス光学,2024Q2,PL,減価償却費,,2400
ルミナス光学,2024Q2,PL,受取利息及び受取配当金,,300
ルミナス光学,2024Q2,PL,支払利息,,200
ルミナス光学,2024Q2,PL,固定資産売却損益(益は+、損は−),,200
ルミナス光学,2024Q2,PL,法人税等,,600
ルミナス光学,2024Q2,補足,有形固定資産の売却による収入,,3500
ルミナス光学,2024Q3,BS,現金及び預金,,29100
ルミナス光学,2024Q3,BS,預け金,,7000
ルミナス光学,2024Q3,BS,営業債権,,27600
ルミナス光学,2024Q3,BS,棚卸資産,,8300
ルミナス光学,2024Q3,BS,その他流動資産,,2700
ルミナス光学,2024Q3,BS,有形固定資産(純額),,45100
ルミナス光学,2024Q3,BS,投資その他の資産,,10500
ルミナス光学,2024Q3,BS,営業債務,,16900
ルミナス光学,2024Q3,BS,短期借入金,,5800
ルミナス光学,2024Q3,BS,その他流動負債,,5300
ルミナス光学,2024Q3,BS,長期借入金,,30900
ルミナス光学,2024Q3,BS,その他固定負債,,3800
ルミナス光学,2024Q3,BS,退職給付引当金,,6200
ルミナス光学,2024Q3,BS,純資産合計,,61400
ルミナス光学,2024Q3,PL,売上高,,73400
ルミナス光学,2024Q3,PL,営業利益,,700
ルミナス光学,2024Q3,PL,税引前当期純利益,,600
ルミナス光学,2024Q3,PL,減価償却費,,4200
ルミナス光学,2024Q3,PL,受取利息及び受取配当金,,300
ルミナス光学,2024Q3,PL,支払利息,,600
ルミナス光学,2024Q3,PL,固定資産売却損益(益は+、損は−),,200
ルミナス光学,2024Q3,PL,法人税等,,200
ルミナス光学,2024Q3,補足,有形固定資産の売却による収入,,500
ルミナス光学,2024Q3,SS,剰余金の配当(配当金の支払額),,100
ルミナス光学,2024Q4,BS,現金及び預金,,27900
ルミナス光学,2024Q4,BS,預け金,,8500
ルミナス光学,2024Q4,BS,営業債権,,29200
ルミナス光学,2024Q4,BS,棚卸資産,,9100
ルミナス光学,2024Q4,BS,その他流動資産,,2200
ルミナス光学,2024Q4,BS,有形固定資産(純額),,44300
ルミナス光学,2024Q4,BS,投資その他の資産,,9600
ルミナス光学,2024Q4,BS,営業債務,,18300
ルミナス光学,2024Q4,BS,短期借入金,,3600
ルミナス光学,2024Q4,BS,その他流動負債,,4500
ルミナス光学,2024Q4,BS,長期借入金,,31800
ルミナス光学,2024Q4,BS,その他固定負債,,3500
ルミナス光学,2024Q4,BS,退職給付引当金,,6700
ルミナス光学,2024Q4,BS,純資産合計,,62400
ルミナス光学,2024Q4,PL,売上高,,73400
ルミナス光学,2024Q4,PL,営業利益,,1500
ルミナス光学,2024Q4,PL,税引前当期純利益,,1400
ルミナス光学,2024Q4,PL,減価償却費,,1700
ルミナス光学,2024Q4,PL,受取利息及び受取配当金,,300
ルミナス光学,2024Q4,PL,支払利息,,400
ルミナス光学,2024Q4,PL,法人税等,,400
ルミナス光学,2025Q1,BS,現金及び預金,,24300
ルミナス光学,2025Q1,BS,預け金,,8800
ルミナス光学,2025Q1,BS,営業債権,,31400
ルミナス光学,2025Q1,BS,棚卸資産,,8500
ルミナス光学,2025Q1,BS,その他流動資産,,1800
ルミナス光学,2025Q1,BS,有形固定資産(純額),,43200
ルミナス光学,2025Q1,BS,投資その他の資産,,10900
ルミナス光学,2025Q1,BS,営業債務,,17700
ルミナス光学,2025Q1,BS,短期借入金,,4600
ルミナス光学,2025Q1,BS,その他流動負債,,4600
ルミナス光学,2025Q1,BS,長期借入金,,28600
ルミナス光学,2025Q1,BS,その他固定負債,,3500
ルミナス光学,2025Q1,BS,退職給付引当金,,7000
ルミナス光学,2025Q1,BS,純資産合計,,62900
ルミナス光学,2025Q1,PL,売上高,,73300
ルミナス光学,2025Q1,PL,営業利益,,1700
ルミナス光学,2025Q1,PL,税引前当期純利益,,1300
ルミナス光学,2025Q1,PL,減価償却費,,2800
ルミナス光学,2025Q1,PL,受取利息及び受取配当金,,400
ルミナス光学,2025Q1,PL,支払利息,,800
ルミナス光学,2025Q1,PL,法人税等,,400
ルミナス光学,2025Q1,SS,剰余金の配当(配当金の支払額),,400
ルミナス光学,2025Q2,BS,現金及び預金,,15400
ルミナス光学,2025Q2,BS,預け金,,8700
ルミナス光学,2025Q2,BS,営業債権,,34600
ルミナス光学,2025Q2,BS,棚卸資産,,6800
ルミナス光学,2025Q2,BS,その他流動資産,,2400
ルミナス光学,2025Q2,BS,有形固定資産(純額),,46400
ルミナス光学,2025Q2,BS,投資その他の資産,,10600
ルミナス光学,2025Q2,BS,営業債務,,16900
ルミナス光学,2025Q2,BS,短期借入金,,5700
ルミナス光学,2025Q2,BS,その他流動負債,,3800
ルミナス光学,2025Q2,BS,長期借入金,,25000
ルミナス光学,2025Q2,BS,その他固定負債,,3000
ルミナス光学,2025Q2,BS,退職給付引当金,,7300
ルミナス光学,2025Q2,BS,純資産合計,,63200
ルミナス光学,2025Q2,PL,売上高,,75800
ルミナス光学,2025Q2,PL,営業利益,,700
ルミナス光学,2025Q2,PL,税引前当期純利益,,400
ルミナス光学,2025Q2,PL,減価償却費,,5500
ルミナス光学,2025Q2,PL,受取利息及び受取配当金,,100
ルミナス光学,2025Q2,PL,支払利息,,400
ルミナス光学,2025Q2,PL,法人税等,,100
ルミナス光学,2025Q3,BS,現金及び預金,,15600
ルミナス光学,2025Q3,BS,預け金,,9600
ルミナス光学,2025Q3,BS,営業債権,,31800
ルミナス光学,2025Q3,BS,棚卸資産,,8900
ルミナス光学,2025Q3,BS,その他流動資産,,3300
ルミナス光学,2025Q3,BS,有形固定資産(純額),,50100
ルミナス光学,2025Q3,BS,投資その他の資産,,11400
ルミナス光学,2025Q3,BS,営業債務,,17100
ルミナス光学,2025Q3,BS,短期借入金,,6800
ルミナス光学,2025Q3,BS,その他流動負債,,3600
ルミナス光学,2025Q3,BS,長期借入金,,25100
ルミナス光学,2025Q3,BS,その他固定負債,,3000
ルミナス光学,2025Q3,BS,退職給付引当金,,7200
ルミナス光学,2025Q3,BS,純資産合計,,67900
ルミナス光学,2025Q3,PL,売上高,,75900
ルミナス光学,2025Q3,PL,営業利益,,9300
ルミナス光学,2025Q3,PL,税引前当期純利益,,8800
ルミナス光学,2025Q3,PL,減価償却費,,4300
ルミナス光学,2025Q3,PL,受取利息及び受取配当金,,400
ルミナス光学,2025Q3,PL,支払利息,,500
ルミナス光学,2025Q3,PL,固定資産売却損益(益は+、損は−),,-400
ルミナス光学,2025Q3,PL,法人税等,,2800
ルミナス光学,2025Q3,補足,有形固定資産の売却による収入,,3400
ルミナス光学,2025Q3,SS,剰余金の配当(配当金の支払額),,1300
ルミナス光学,2025Q4,BS,現金及び預金,,10900
ルミナス光学,2025Q4,BS,預け金,,11500
ルミナス光学,2025Q4,BS,営業債権,,29300
ルミナス光学,2025Q4,BS,棚卸資産,,8300
ルミナス光学,2025Q4,BS,その他流動資産,,4100
ルミナス光学,2025Q4,BS,有形固定資産(純額),,53800
ルミナス光学,2025Q4,BS,投資その他の資産,,12900
ルミナス光学,2025Q4,BS,営業債務,,15700
ルミナス光学,2025Q4,BS,短期借入金,,5300
ルミナス光学,2025Q4,BS,その他流動負債,,3800
ルミナス光学,2025Q4,BS,長期借入金,,25000
ルミナス光学,2025Q4,BS,その他固定負債,,2500
ルミナス光学,2025Q4,BS,退職給付引当金,,7500
ルミナス光学,2025Q4,BS,純資産合計,,71000
ルミナス光学,2025Q4,PL,売上高,,77300
ルミナス光学,2025Q4,PL,営業利益,,5500
ルミナス光学,2025Q4,PL,税引前当期純利益,,4600
ルミナス光学,2025Q4,PL,減価償却費,,2600
ルミナス光学,2025Q4,PL,受取利息及び受取配当金,,400
ルミナス光学,2025Q4,PL,支払利息,,1000
ルミナス光学,2025Q4,PL,固定資産売却損益(益は+、損は−),,-300
ルミナス光学,2025Q4,PL,法人税等,,1500
ルミナス光学,2025Q4,補足,有形固定資産の売却による収入,,3200
ルミナス光学,2026Q1,BS,現金及び預金,,13900
ルミナス光学,2026Q1,BS,預け金,,14400
ルミナス光学,2026Q1,BS,営業債権,,28300
ルミナス光学,2026Q1,BS,棚卸資産,,9400
ルミナス光学,2026Q1,BS,その他流動資産,,4100
ルミナス光学,2026Q1,BS,有形固定資産(純額),,55900
ルミナス光学,2026Q1,BS,投資その他の資産,,14100
ルミナス光学,2026Q1,BS,営業債務,,16800
ルミナス光学,2026Q1,BS,短期借入金,,4000
ルミナス光学,2026Q1,BS,その他流動負債,,3700
ルミナス光学,2026Q1,BS,長期借入金,,26700
ルミナス光学,2026Q1,BS,その他固定負債,,3100
ルミナス光学,2026Q1,BS,退職給付引当金,,7900
ルミナス光学,2026Q1,BS,純資産合計,,77900
ルミナス光学,2026Q1,PL,売上高,,77700
ルミナス光学,2026Q1,PL,営業利益,,12100
ルミナス光学,2026Q1,PL,税引前当期純利益,,12000
ルミナス光学,2026Q1,PL,減価償却費,,3900
ルミナス光学,2026Q1,PL,受取利息及び受取配当金,,200
ルミナス光学,2026Q1,PL,支払利息,,300
ルミナス光学,2026Q1,PL,法人税等,,3800
ルミナス光学,2026Q1,SS,剰余金の配当(配当金の支払額),,1300
ミナト水産,2023Q4,BS,現金及び預金,15800,12600
ミナト水産,2023Q4,BS,預け金,6500,7500
ミナト水産,2023Q4,BS,営業債権,21600,21600
ミナト水産,2023Q4,BS,棚卸資産,10000,12400
ミナト水産,2023Q4,BS,その他流動資産,3700,3200
ミナト水産,2023Q4,BS,有形固定資産(純額),46300,48900
ミナト水産,2023Q4,BS,投資その他の資産,4800,6100
ミナト水産,2023Q4,BS,営業債務,14600,15400
ミナト水産,2023Q4,BS,短期借入金,1900,1900
ミナト水産,2023Q4,BS,その他流動負債,2500,2100
ミナト水産,2023Q4,BS,長期借入金,8800,8700
ミナト水産,2023Q4,BS,その他固定負債,4100,4900
ミナト水産,2023Q4,BS,退職給付引当金,1300,2000
ミナト水産,2023Q4,BS,純資産合計,75500,77300
ミナト水産,2023Q4,PL,売上高,,50400
ミナト水産,2023Q4,PL,営業利益,,2900
ミナト水産,2023Q4,PL,税引前当期純利益,,2700
ミナト水産,2023Q4,PL,減価償却費,,3900
ミナト水産,2023Q4,PL,受取利息及び受取配当金,,200
ミナト水産,2023Q4,PL,支払利息,,400
ミナト水産,2023Q4,PL,法人税等,,900
ミナト水産,2024Q1,BS,現金及び預金,,7900
ミナト水産,2024Q1,BS,預け金,,7100
ミナト水産,2024Q1,BS,営業債権,,22400
ミナト水産,2024Q1,BS,棚卸資産,,11800
ミナト水産,2024Q1,BS,その他流動資産,,3700
ミナト水産,2024Q1,BS,有形固定資産(純額),,53500
ミナト水産,2024Q1,BS,投資その他の資産,,5300
ミナト水産,2024Q1,BS,営業債務,,15900
ミナト水産,2024Q1,BS,短期借入金,,500
ミナト水産,2024Q1,BS,その他流動負債,,2500
ミナト水産,2024Q1,BS,長期借入金,,7900
ミナト水産,2024Q1,BS,その他固定負債,,4900
ミナト水産,2024Q1,BS,退職給付引当金,,1700
ミナト水産,2024Q1,BS,純資産合計,,78300
ミナト水産,2024Q1,PL,売上高,,53200
ミナト水産,2024Q1,PL,営業利益,,2300
ミナト水産,2024Q1,PL,税引前当期純利益,,1400
ミナト水産,2024Q1,PL,減価償却費,,2100
ミナト水産,2024Q1,PL,受取利息及び受取配当金,,400
ミナト水産,2024Q1,PL,支払利息,,1100
ミナト水産,2024Q1,PL,固定資産売却損益(益は+、損は−),,-200
ミナト水産,2024Q1,PL,法人税等,,400
ミナト水産,2024Q1,補足,有形固定資産の売却による収入,,2600
ミナト水産,2024Q2,BS,現金及び預金,,14400
ミナト水産,2024Q2,BS,預け金,,4700
ミナト水産,2024Q2,BS,営業債権,,23400
ミナト水産,2024Q2,BS,棚卸資産,,10600
ミナト水産,2024Q2,BS,その他流動資産,,3200
ミナト水産,2024Q2,BS,有形固定資産(純額),,54400
ミナト水産,2024Q2,BS,投資その他の資産,,5400
ミナト水産,2024Q2,BS,営業債務,,18500
ミナト水産,2024Q2,BS,短期借入金,,0
ミナト水産,2024Q2,BS,その他流動負債,,2700
ミナト水産,2024Q2,BS,長期借入金,,5400
ミナト水産,2024Q2,BS,その他固定負債,,4800
ミナト水産,2024Q2,BS,退職給付引当金,,2500
ミナト水産,2024Q2,BS,純資産合計,,82200
ミナト水産,2024Q2,PL,売上高,,55800
ミナト水産,2024Q2,PL,営業利益,,6500
ミナト水産,2024Q2,PL,税引前当期純利益,,5800
ミナト水産,2024Q2,PL,減価償却費,,2400
ミナト水産,2024Q2,PL,受取利息及び受取配当金,,400
ミナト水産,2024Q2,PL,支払利息,,600
ミナト水産,2024Q2,PL,固定資産売却損益(益は+、損は−),,-500
ミナト水産,2024Q2,PL,法人税等,,1900
ミナト水産,2024Q2,補足,有形固定資産の売却による収入,,3700
ミナト水産,2024Q3,BS,現金及び預金,,15000
ミナト水産,2024Q3,BS,預け金,,5200
ミナト水産,2024Q3,BS,営業債権,,24800
ミナト水産,2024Q3,BS,棚卸資産,,11700
ミナト水産,2024Q3,BS,その他流動資産,,3000
ミナト水産,2024Q3,BS,有形固定資産(純額),,54500
ミナト水産,2024Q3,BS,投資その他の資産,,6100
ミナト水産,2024Q3,BS,営業債務,,16200
ミナト水産,2024Q3,BS,短期借入金,,0
ミナト水産,2024Q3,BS,その他流動負債,,2900
ミナト水産,2024Q3,BS,長期借入金,,4700
ミナト水産,2024Q3,BS,その他固定負債,,5400
ミナト水産,2024Q3,BS,退職給付引当金,,3300
ミナト水産,2024Q3,BS,純資産合計,,87800
ミナト水産,2024Q3,PL,売上高,,56900
ミナト水産,2024Q3,PL,営業利益,,8500
ミナト水産,2024Q3,PL,税引前当期純利益,,8200
ミナト水産,2024Q3,PL,減価償却費,,2400
ミナト水産,2024Q3,PL,受取利息及び受取配当金,,100
ミナト水産,2024Q3,PL,支払利息,,400
ミナト水産,2024Q3,PL,法人税等,,2600
ミナト水産,2024Q4,BS,現金及び預金,,12600
ミナト水産,2024Q4,BS,預け金,,3700
ミナト水産,2024Q4,BS,営業債権,,25800
ミナト水産,2024Q4,BS,棚卸資産,,10400
ミナト水産,2024Q4,BS,その他流動資産,,3900
ミナト水産,2024Q4,BS,有形固定資産(純額),,59000
ミナト水産,2024Q4,BS,投資その他の資産,,5800
ミナト水産,2024Q4,BS,営業債務,,17500
ミナト水産,2024Q4,BS,短期借入金,,1100
ミナト水産,2024Q4,BS,その他流動負債,,2500
ミナト水産,2024Q4,BS,長期借入金,,4900
ミナト水産,2024Q4,BS,その他固定負債,,4900
ミナト水産,2024Q4,BS,退職給付引当金,,3100
ミナト水産,2024Q4,BS,純資産合計,,87200
ミナト水産,2024Q4,PL,売上高,,60000
ミナト水産,2024Q4,PL,営業利益,,-700
ミナト水産,2024Q4,PL,税引前当期純利益,,-600
ミナト水産,2024Q4,PL,減価償却費,,1800
ミナト水産,2024Q4,PL,受取利息及び受取配当金,,400
ミナト水産,2024Q4,PL,支払利息,,300
ミナト水産,2025Q1,BS,現金及び預金,,6600
ミナト水産,2025Q1,BS,預け金,,5200
ミナト水産,2025Q1,BS,営業債権,,27700
ミナト水産,2025Q1,BS,棚卸資産,,12200
ミナト水産,2025Q1,BS,その他流動資産,,3700
ミナト水産,2025Q1,BS,有形固定資産(純額),,57900
ミナト水産,2025Q1,BS,投資その他の資産,,6300
ミナト水産,2025Q1,BS,営業債務,,15000
ミナト水産,2025Q1,BS,短期借入金,,3800
ミナト水産,2025Q1,BS,その他流動負債,,2400
ミナト水産,2025Q1,BS,長期借入金,,1500
ミナト水産,2025Q1,BS,その他固定負債,,5200
ミナト水産,2025Q1,BS,退職給付引当金,,2900
ミナト水産,2025Q1,BS,純資産合計,,88800
ミナト水産,2025Q1,PL,売上高,,60500
ミナト水産,2025Q1,PL,営業利益,,2500
ミナト水産,2025Q1,PL,税引前当期純利益,,2400
ミナト水産,2025Q1,PL,減価償却費,,3200
ミナト水産,2025Q1,PL,受取利息及び受取配当金,,400
ミナト水産,2025Q1,PL,支払利息,,500
ミナト水産,2025Q1,PL,法人税等,,800
ミナト水産,2025Q1,補足,有形固定資産の売却による収入,,1400
ミナト水産,2025Q2,BS,現金及び預金,,2600
ミナト水産,2025Q2,BS,預け金,,5900
ミナト水産,2025Q2,BS,営業債権,,29300
ミナト水産,2025Q2,BS,棚卸資産,,11000
ミナト水産,2025Q2,BS,その他流動資産,,4200
ミナト水産,2025Q2,BS,有形固定資産(純額),,60600
ミナト水産,2025Q2,BS,投資その他の資産,,7300
ミナト水産,2025Q2,BS,営業債務,,15600
ミナト水産,2025Q2,BS,短期借入金,,4400
ミナト水産,2025Q2,BS,その他流動負債,,1700
ミナト水産,2025Q2,BS,長期借入金,,3500
ミナト水産,2025Q2,BS,その他固定負債,,5400
ミナト水産,2025Q2,BS,退職給付引当金,,2600
ミナト水産,2025Q2,BS,純資産合計,,87700
ミナト水産,2025Q2,PL,売上高,,62300
ミナト水産,2025Q2,PL,営業利益,,2000
ミナト水産,2025Q2,PL,税引前当期純利益,,1600
ミナト水産,2025Q2,PL,減価償却費,,5500
ミナト水産,2025Q2,PL,受取利息及び受取配当金,,100
ミナト水産,2025Q2,PL,支払利息,,500
ミナト水産,2025Q2,PL,法人税等,,500
ミナト水産,2025Q2,SS,自己株式の取得,,2200
ミナト水産,2025Q3,BS,現金及び預金,,7000
ミナト水産,2025Q3,BS,預け金,,3500
ミナト水産,2025Q3,BS,営業債権,,28900
ミナト水産,2025Q3,BS,棚卸資産,,10100
ミナト水産,2025Q3,BS,その他流動資産,,4900
ミナト水産,2025Q3,BS,有形固定資産(純額),,59000
ミナト水産,2025Q3,BS,投資その他の資産,,8500
ミナト水産,2025Q3,BS,営業債務,,15800
ミナト水産,2025Q3,BS,短期借入金,,5500
ミナト水産,2025Q3,BS,その他流動負債,,2300
ミナト水産,2025Q3,BS,長期借入金,,1100
ミナト水産,2025Q3,BS,その他固定負債,,5800
ミナト水産,2025Q3,BS,退職給付引当金,,2500
ミナト水産,2025Q3,BS,純資産合計,,88900
ミナト水産,2025Q3,PL,売上高,,64100
ミナト水産,2025Q3,PL,営業利益,,3100
ミナト水産,2025Q3,PL,税引前当期純利益,,2500
ミナト水産,2025Q3,PL,減価償却費,,5100
ミナト水産,2025Q3,PL,受取利息及び受取配当金,,300
ミナト水産,2025Q3,PL,支払利息,,900
ミナト水産,2025Q3,PL,法人税等,,800
ミナト水産,2025Q3,SS,剰余金の配当(配当金の支払額),,500
ミナト水産,2025Q4,BS,現金及び預金,,9600
ミナト水産,2025Q4,BS,預け金,,3300
ミナト水産,2025Q4,BS,営業債権,,26300
ミナト水産,2025Q4,BS,棚卸資産,,11600
ミナト水産,2025Q4,BS,その他流動資産,,5000
ミナト水産,2025Q4,BS,有形固定資産(純額),,59900
ミナト水産,2025Q4,BS,投資その他の資産,,9700
ミナト水産,2025Q4,BS,営業債務,,13800
ミナト水産,2025Q4,BS,短期借入金,,4500
ミナト水産,2025Q4,BS,その他流動負債,,1800
ミナト水産,2025Q4,BS,長期借入金,,1400
ミナト水産,2025Q4,BS,その他固定負債,,6000
ミナト水産,2025Q4,BS,退職給付引当金,,2700
ミナト水産,2025Q4,BS,純資産合計,,95200
ミナト水産,2025Q4,PL,売上高,,64800
ミナト水産,2025Q4,PL,営業利益,,9700
ミナト水産,2025Q4,PL,税引前当期純利益,,9300
ミナト水産,2025Q4,PL,減価償却費,,2100
ミナト水産,2025Q4,PL,受取利息及び受取配当金,,400
ミナト水産,2025Q4,PL,支払利息,,500
ミナト水産,2025Q4,PL,固定資産売却損益(益は+、損は−),,-300
ミナト水産,2025Q4,PL,法人税等,,3000
ミナト水産,2025Q4,補足,有形固定資産の売却による収入,,900
ミナト水産,2026Q1,BS,現金及び預金,,12300
ミナト水産,2026Q1,BS,預け金,,1600
ミナト水産,2026Q1,BS,営業債権,,24900
ミナト水産,2026Q1,BS,棚卸資産,,10600
ミナト水産,2026Q1,BS,その他流動資産,,5100
ミナト水産,2026Q1,BS,有形固定資産(純額),,64100
ミナト水産,2026Q1,BS,投資その他の資産,,11000
ミナト水産,2026Q1,BS,営業債務,,15200
ミナト水産,2026Q1,BS,短期借入金,,4600
ミナト水産,2026Q1,BS,その他流動負債,,2200
ミナト水産,2026Q1,BS,長期借入金,,2200
ミナト水産,2026Q1,BS,その他固定負債,,5500
ミナト水産,2026Q1,BS,退職給付引当金,,2600
ミナト水産,2026Q1,BS,純資産合計,,97300
ミナト水産,2026Q1,PL,売上高,,65100
ミナト水産,2026Q1,PL,営業利益,,4700
ミナト水産,2026Q1,PL,税引前当期純利益,,4800
ミナト水産,2026Q1,PL,減価償却費,,2000
ミナト水産,2026Q1,PL,受取利息及び受取配当金,,400
ミナト水産,2026Q1,PL,支払利息,,300
ミナト水産,2026Q1,PL,法人税等,,1500
ミナト水産,2026Q1,SS,剰余金の配当(配当金の支払額),,1200
ノースウッド,2023Q4,BS,現金及び預金,5700,5400
ノースウッド,2023Q4,BS,預け金,1000,1000
ノースウッド,2023Q4,BS,営業債権,4400,5200
ノースウッド,2023Q4,BS,棚卸資産,4400,5200
ノースウッド,2023Q4,BS,その他流動資産,1200,1100
ノースウッド,2023Q4,BS,有形固定資産(純額),12400,13300
ノースウッド,2023Q4,BS,投資その他の資産,1000,1600
ノースウッド,2023Q4,BS,営業債務,3600,4600
ノースウッド,2023Q4,BS,短期借入金,800,1500
ノースウッド,2023Q4,BS,その他流動負債,1400,1900
ノースウッド,2023Q4,BS,長期借入金,4800,3800
ノースウッド,2023Q4,BS,その他固定負債,200,400
ノースウッド,2023Q4,BS,退職給付引当金,1600,1600
ノースウッド,2023Q4,BS,純資産合計,17700,19000
ノースウッド,2023Q4,PL,売上高,,34300
ノースウッド,2023Q4,PL,営業利益,,-700
ノースウッド,2023Q4,PL,税引前当期純利益,,-900
ノースウッド,2023Q4,PL,減価償却費,,900
ノースウッド,2023Q4,PL,受取利息及び受取配当金,,100
ノースウッド,2023Q4,PL,支払利息,,300
ノースウッド,2023Q4,SS,新株の発行(増資),,2200
ノースウッド,2024Q1,BS,現金及び預金,,8200
ノースウッド,2024Q1,BS,預け金,,0
ノースウッド,2024Q1,BS,営業債権,,4100
ノースウッド,2024Q1,BS,棚卸資産,,5200
ノースウッド,2024Q1,BS,その他流動資産,,900
ノースウッド,2024Q1,BS,有形固定資産(純額),,15100
ノースウッド,2024Q1,BS,投資その他の資産,,1500
ノースウッド,2024Q1,BS,営業債務,,5500
ノースウッド,2024Q1,BS,短期借入金,,400
ノースウッド,2024Q1,BS,その他流動負債,,2100
ノースウッド,2024Q1,BS,長期借入金,,5000
ノースウッド,2024Q1,BS,その他固定負債,,600
ノースウッド,2024Q1,BS,退職給付引当金,,1900
ノースウッド,2024Q1,BS,純資産合計,,19500
ノースウッド,2024Q1,PL,売上高,,32900
ノースウッド,2024Q1,PL,営業利益,,1200
ノースウッド,2024Q1,PL,税引前当期純利益,,800
ノースウッド,2024Q1,PL,減価償却費,,1700
ノースウッド,2024Q1,PL,受取利息及び受取配当金,,100
ノースウッド,2024Q1,PL,支払利息,,500
ノースウッド,2024Q1,PL,法人税等,,300
ノースウッド,2024Q2,BS,現金及び預金,,7100
ノースウッド,2024Q2,BS,預け金,,0
ノースウッド,2024Q2,BS,営業債権,,4100
ノースウッド,2024Q2,BS,棚卸資産,,5300
ノースウッド,2024Q2,BS,その他流動資産,,1300
ノースウッド,2024Q2,BS,有形固定資産(純額),,16300
ノースウッド,2024Q2,BS,投資その他の資産,,2000
ノースウッド,2024Q2,BS,営業債務,,6400
ノースウッド,2024Q2,BS,短期借入金,,900
ノースウッド,2024Q2,BS,その他流動負債,,2000
ノースウッド,2024Q2,BS,長期借入金,,3800
ノースウッド,2024Q2,BS,その他固定負債,,500
ノースウッド,2024Q2,BS,退職給付引当金,,1700
ノースウッド,2024Q2,BS,純資産合計,,20800
ノースウッド,2024Q2,PL,売上高,,31300
ノースウッド,2024Q2,PL,営業利益,,2100
ノースウッド,2024Q2,PL,税引前当期純利益,,1900
ノースウッド,2024Q2,PL,減価償却費,,2200
ノースウッド,2024Q2,PL,支払利息,,100
ノースウッド,2024Q2,PL,固定資産売却損益(益は+、損は−),,-100
ノースウッド,2024Q2,PL,法人税等,,600
ノースウッド,2024Q2,補足,有形固定資産の売却による収入,,1600
ノースウッド,2024Q3,BS,現金及び預金,,8400
ノースウッド,2024Q3,BS,預け金,,700
ノースウッド,2024Q3,BS,営業債権,,3000
ノースウッド,2024Q3,BS,棚卸資産,,5300
ノースウッド,2024Q3,BS,その他流動資産,,1500
ノースウッド,2024Q3,BS,有形固定資産(純額),,17700
ノースウッド,2024Q3,BS,投資その他の資産,,2200
ノースウッド,2024Q3,BS,営業債務,,6800
ノースウッド,2024Q3,BS,短期借入金,,1100
ノースウッド,2024Q3,BS,その他流動負債,,1700
ノースウッド,2024Q3,BS,長期借入金,,4200
ノースウッド,2024Q3,BS,その他固定負債,,600
ノースウッド,2024Q3,BS,退職給付引当金,,1900
ノースウッド,2024Q3,BS,純資産合計,,22500
ノースウッド,2024Q3,PL,売上高,,30000
ノースウッド,2024Q3,PL,営業利益,,2500
ノースウッド,2024Q3,PL,税引前当期純利益,,2500
ノースウッド,2024Q3,PL,減価償却費,,900
ノースウッド,2024Q3,PL,受取利息及び受取配当金,,100
ノースウッド,2024Q3,PL,支払利息,,100
ノースウッド,2024Q3,PL,法人税等,,800
ノースウッド,2024Q4,BS,現金及び預金,,10900
ノースウッド,2024Q4,BS,預け金,,500
ノースウッド,2024Q4,BS,営業債権,,3600
ノースウッド,2024Q4,BS,棚卸資産,,4700
ノースウッド,2024Q4,BS,その他流動資産,,1400
ノースウッド,2024Q4,BS,有形固定資産(純額),,18300
ノースウッド,2024Q4,BS,投資その他の資産,,2500
ノースウッド,2024Q4,BS,営業債務,,7500
ノースウッド,2024Q4,BS,短期借入金,,1500
ノースウッド,2024Q4,BS,その他流動負債,,2100
ノースウッド,2024Q4,BS,長期借入金,,5000
ノースウッド,2024Q4,BS,その他固定負債,,900
ノースウッド,2024Q4,BS,退職給付引当金,,1800
ノースウッド,2024Q4,BS,純資産合計,,23100
ノースウッド,2024Q4,PL,売上高,,29800
ノースウッド,2024Q4,PL,営業利益,,1100
ノースウッド,2024Q4,PL,税引前当期純利益,,900
ノースウッド,2024Q4,PL,減価償却費,,2000
ノースウッド,2024Q4,PL,受取利息及び受取配当金,,100
ノースウッド,2024Q4,PL,支払利息,,300
ノースウッド,2024Q4,PL,法人税等,,300
ノースウッド,2025Q1,BS,現金及び預金,,8200
ノースウッド,2025Q1,BS,預け金,,800
ノースウッド,2025Q1,BS,営業債権,,5000
ノースウッド,2025Q1,BS,棚卸資産,,5600
ノースウッド,2025Q1,BS,その他流動資産,,1400
ノースウッド,2025Q1,BS,有形固定資産(純額),,19900
ノースウッド,2025Q1,BS,投資その他の資産,,2500
ノースウッド,2025Q1,BS,営業債務,,7700
ノースウッド,2025Q1,BS,短期借入金,,1600
ノースウッド,2025Q1,BS,その他流動負債,,2300
ノースウッド,2025Q1,BS,長期借入金,,4400
ノースウッド,2025Q1,BS,その他固定負債,,700
ノースウッド,2025Q1,BS,退職給付引当金,,1900
ノースウッド,2025Q1,BS,純資産合計,,24800
ノースウッド,2025Q1,PL,売上高,,28300
ノースウッド,2025Q1,PL,営業利益,,2700
ノースウッド,2025Q1,PL,税引前当期純利益,,2500
ノースウッド,2025Q1,PL,減価償却費,,1100
ノースウッド,2025Q1,PL,支払利息,,200
ノースウッド,2025Q1,PL,法人税等,,800
ノースウッド,2025Q2,BS,現金及び預金,,6200
ノースウッド,2025Q2,BS,預け金,,700
ノースウッド,2025Q2,BS,営業債権,,6500
ノースウッド,2025Q2,BS,棚卸資産,,5400
ノースウッド,2025Q2,BS,その他流動資産,,1300
ノースウッド,2025Q2,BS,有形固定資産(純額),,21000
ノースウッド,2025Q2,BS,投資その他の資産,,2200
ノースウッド,2025Q2,BS,営業債務,,6900
ノースウッド,2025Q2,BS,短期借入金,,800
ノースウッド,2025Q2,BS,その他流動負債,,2600
ノースウッド,2025Q2,BS,長期借入金,,3600
ノースウッド,2025Q2,BS,その他固定負債,,500
ノースウッド,2025Q2,BS,退職給付引当金,,2100
ノースウッド,2025Q2,BS,純資産合計,,26800
ノースウッド,2025Q2,PL,売上高,,27200
ノースウッド,2025Q2,PL,営業利益,,2800
ノースウッド,2025Q2,PL,税引前当期純利益,,2900
ノースウッド,2025Q2,PL,減価償却費,,1000
ノースウッド,2025Q2,PL,受取利息及び受取配当金,,100
ノースウッド,2025Q2,PL,法人税等,,900
ノースウッド,2025Q3,BS,現金及び預金,,2900
ノースウッド,2025Q3,BS,預け金,,1500
ノースウッド,2025Q3,BS,営業債権,,7700
ノースウッド,2025Q3,BS,棚卸資産,,6200
ノースウッド,2025Q3,BS,その他流動資産,,1500
ノースウッド,2025Q3,BS,有形固定資産(純額),,21900
ノースウッド,2025Q3,BS,投資その他の資産,,2600
ノースウッド,2025Q3,BS,営業債務,,7300
ノースウッド,2025Q3,BS,短期借入金,,1600
ノースウッド,2025Q3,BS,その他流動負債,,3000
ノースウッド,2025Q3,BS,長期借入金,,2100
ノースウッド,2025Q3,BS,その他固定負債,,400
ノースウッド,2025Q3,BS,退職給付引当金,,2100
ノースウッド,2025Q3,BS,純資産合計,,27800
ノースウッド,2025Q3,PL,売上高,,27200
ノースウッド,2025Q3,PL,営業利益,,4200
ノースウッド,2025Q3,PL,税引前当期純利益,,4100
ノースウッド,2025Q3,PL,減価償却費,,1200
ノースウッド,2025Q3,PL,支払利息,,100
ノースウッド,2025Q3,PL,法人税等,,1300
ノースウッド,2025Q3,SS,剰余金の配当(配当金の支払額),,800
ノースウッド,2025Q3,SS,自己株式の取得,,1000
ノースウッド,2025Q4,BS,現金及び預金,,2200
ノースウッド,2025Q4,BS,預け金,,2500
ノースウッド,2025Q4,BS,営業債権,,6800
ノースウッド,2025Q4,BS,棚卸資産,,6900
ノースウッド,2025Q4,BS,その他流動資産,,1700
ノースウッド,2025Q4,BS,有形固定資産(純額),,21700
ノースウッド,2025Q4,BS,投資その他の資産,,3100
ノースウッド,2025Q4,BS,営業債務,,6300
ノースウッド,2025Q4,BS,短期借入金,,800
ノースウッド,2025Q4,BS,その他流動負債,,3500
ノースウッド,2025Q4,BS,長期借入金,,2200
ノースウッド,2025Q4,BS,その他固定負債,,600
ノースウッド,2025Q4,BS,退職給付引当金,,2100
ノースウッド,2025Q4,BS,純資産合計,,29400
ノースウッド,2025Q4,PL,売上高,,27000
ノースウッド,2025Q4,PL,営業利益,,2600
ノースウッド,2025Q4,PL,税引前当期純利益,,2400
ノースウッド,2025Q4,PL,減価償却費,,600
ノースウッド,2025Q4,PL,受取利息及び受取配当金,,100
ノースウッド,2025Q4,PL,支払利息,,300
ノースウッド,2025Q4,PL,法人税等,,800
ノースウッド,2026Q1,BS,現金及び預金,,4300
ノースウッド,2026Q1,BS,預け金,,1600
ノースウッド,2026Q1,BS,営業債権,,6300
ノースウッド,2026Q1,BS,棚卸資産,,6100
ノースウッド,2026Q1,BS,その他流動資産,,2000
ノースウッド,2026Q1,BS,有形固定資産(純額),,21600
ノースウッド,2026Q1,BS,投資その他の資産,,3100
ノースウッド,2026Q1,BS,営業債務,,5600
ノースウッド,2026Q1,BS,短期借入金,,1800
ノースウッド,2026Q1,BS,その他流動負債,,3200
ノースウッド,2026Q1,BS,長期借入金,,1600
ノースウッド,2026Q1,BS,その他固定負債,,800
ノースウッド,2026Q1,BS,退職給付引当金,,1900
ノースウッド,2026Q1,BS,純資産合計,,30100
ノースウッド,2026Q1,PL,売上高,,26400
ノースウッド,2026Q1,PL,営業利益,,1500
ノースウッド,2026Q1,PL,税引前当期純利益,,1600
ノースウッド,2026Q1,PL,減価償却費,,2000
ノースウッド,2026Q1,PL,支払利息,,200
ノースウッド,2026Q1,PL,固定資産売却損益(益は+、損は−),,300
ノースウッド,2026Q1,PL,法人税等,,500
ノースウッド,2026Q1,補足,有形固定資産の売却による収入,,500
ノースウッド,2026Q1,SS,剰余金の配当(配当金の支払額),,400
オリオン機械,2023Q4,BS,現金及び預金,13800,17900
オリオン機械,2023Q4,BS,預け金,11500,14200
オリオン機械,2023Q4,BS,営業債権,15900,13600
オリオン機械,2023Q4,BS,棚卸資産,11300,11400
オリオン機械,2023Q4,BS,その他流動資産,4000,3700
オリオン機械,2023Q4,BS,有形固定資産(純額),22800,26400
オリオン機械,2023Q4,BS,投資その他の資産,2900,3100
オリオン機械,2023Q4,BS,営業債務,7200,7500
オリオン機械,2023Q4,BS,短期借入金,1900,4900
オリオン機械,2023Q4,BS,その他流動負債,2800,2600
オリオン機械,2023Q4,BS,長期借入金,18000,21200
オリオン機械,2023Q4,BS,その他固定負債,2200,2800
オリオン機械,2023Q4,BS,退職給付引当金,8200,8800
オリオン機械,2023Q4,BS,純資産合計,41900,42500
オリオン機械,2023Q4,PL,売上高,,71400
オリオン機械,2023Q4,PL,営業利益,,1900
オリオン機械,2023Q4,PL,税引前当期純利益,,900
オリオン機械,2023Q4,PL,減価償却費,,3400
オリオン機械,2023Q4,PL,受取利息及び受取配当金,,400
オリオン機械,2023Q4,PL,支払利息,,900
オリオン機械,2023Q4,PL,固定資産売却損益(益は+、損は−),,-500
オリオン機械,2023Q4,PL,法人税等,,300
オリオン機械,2023Q4,補足,有形固定資産の売却による収入,,2200
オリオン機械,2024Q1,BS,現金及び預金,,16100
オリオン機械,2024Q1,BS,預け金,,13000
オリオン機械,2024Q1,BS,営業債権,,15500
オリオン機械,2024Q1,BS,棚卸資産,,9700
オリオン機械,2024Q1,BS,その他流動資産,,3800
オリオン機械,2024Q1,BS,有形固定資産(純額),,30300
オリオン機械,2024Q1,BS,投資その他の資産,,3100
オリオン機械,2024Q1,BS,営業債務,,10200
オリオン機械,2024Q1,BS,短期借入金,,4700
オリオン機械,2024Q1,BS,その他流動負債,,3300
オリオン機械,2024Q1,BS,長期借入金,,18300
オリオン機械,2024Q1,BS,その他固定負債,,3200
オリオン機械,2024Q1,BS,退職給付引当金,,9100
オリオン機械,2024Q1,BS,純資産合計,,42700
オリオン機械,2024Q1,PL,売上高,,71500
オリオン機械,2024Q1,PL,営業利益,,100
オリオン機械,2024Q1,PL,税引前当期純利益,,-300
オリオン機械,2024Q1,PL,減価償却費,,3900
オリオン機械,2024Q1,PL,受取利息及び受取配当金,,300
オリオン機械,2024Q1,PL,支払利息,,700
オリオン機械,2024Q1,補足,有形固定資産の売却による収入,,2900
オリオン機械,2024Q1,SS,自己株式の処分,,500
オリオン機械,2024Q2,BS,現金及び預金,,9200
オリオン機械,2024Q2,BS,預け金,,15700
オリオン機械,2024Q2,BS,営業債権,,18100
オリオン機械,2024Q2,BS,棚卸資産,,8300
オリオン機械,2024Q2,BS,その他流動資産,,4100
オリオン機械,2024Q2,BS,有形固定資産(純額),,31300
オリオン機械,2024Q2,BS,投資その他の資産,,2500
オリオン機械,2024Q2,BS,営業債務,,9800
オリオン機械,2024Q2,BS,短期借入金,,3300
オリオン機械,2024Q2,BS,その他流動負債,,3700
オリオン機械,2024Q2,BS,長期借入金,,15800
オリオン機械,2024Q2,BS,その他固定負債,,3800
オリオン機械,2024Q2,BS,退職給付引当金,,8700
オリオン機械,2024Q2,BS,純資産合計,,44100
オリオン機械,2024Q2,PL,売上高,,74200
オリオン機械,2024Q2,PL,営業利益,,2000
オリオン機械,2024Q2,PL,税引前当期純利益,,2100
オリオン機械,2024Q2,PL,減価償却費,,4100
オリオン機械,2024Q2,PL,受取利息及び受取配当金,,200
オリオン機械,2024Q2,PL,支払利息,,400
オリオン機械,2024Q2,PL,固定資産売却損益(益は+、損は−),,300
オリオン機械,2024Q2,PL,法人税等,,700
オリオン機械,2024Q2,補足,有形固定資産の売却による収入,,3600
オリオン機械,2024Q3,BS,現金及び預金,,11500
オリオン機械,2024Q3,BS,預け金,,14200
オリオン機械,2024Q3,BS,営業債権,,20700
オリオン機械,2024Q3,BS,棚卸資産,,9100
オリオン機械,2024Q3,BS,その他流動資産,,3800
オリオン機械,2024Q3,BS,有形固定資産(純額),,30300
オリオン機械,2024Q3,BS,投資その他の資産,,3700
オリオン機械,2024Q3,BS,営業債務,,10200
オリオン機械,2024Q3,BS,短期借入金,,1800
オリオン機械,2024Q3,BS,その他流動負債,,3800
オリオン機械,2024Q3,BS,長期借入金,,18900
オリオン機械,2024Q3,BS,その他固定負債,,3300
オリオン機械,2024Q3,BS,退職給付引当金,,9400
オリオン機械,2024Q3,BS,純資産合計,,45900
オリオン機械,2024Q3,PL,売上高,,76700
オリオン機械,2024Q3,PL,営業利益,,3200
オリオン機械,2024Q3,PL,税引前当期純利益,,2600
オリオン機械,2024Q3,PL,減価償却費,,4900
オリオン機械,2024Q3,PL,受取利息及び受取配当金,,400
オリオン機械,2024Q3,PL,支払利息,,1000
オリオン機械,2024Q3,PL,法人税等,,800
オリオン機械,2024Q4,BS,現金及び預金,,16500
オリオン機械,2024Q4,BS,預け金,,13300
オリオン機械,2024Q4,BS,営業債権,,23800
オリオン機械,2024Q4,BS,棚卸資産,,9700
オリオン機械,2024Q4,BS,その他流動資産,,4500
オリオン機械,2024Q4,BS,有形固定資産(純額),,28800
オリオン機械,2024Q4,BS,投資その他の資産,,3800
オリオン機械,2024Q4,BS,営業債務,,7900
オリオン機械,2024Q4,BS,短期借入金,,4700
オリオン機械,2024Q4,BS,その他流動負債,,3200
オリオン機械,2024Q4,BS,長期借入金,,20000
オリオン機械,2024Q4,BS,その他固定負債,,3600
オリオン機械,2024Q4,BS,退職給付引当金,,9600
オリオン機械,2024Q4,BS,純資産合計,,51400
オリオン機械,2024Q4,PL,売上高,,76600
オリオン機械,2024Q4,PL,営業利益,,11100
オリオン機械,2024Q4,PL,税引前当期純利益,,10200
オリオン機械,2024Q4,PL,減価償却費,,4800
オリオン機械,2024Q4,PL,支払利息,,900
オリオン機械,2024Q4,PL,法人税等,,3300
オリオン機械,2024Q4,SS,自己株式の取得,,1400
オリオン機械,2025Q1,BS,現金及び預金,,19300
オリオン機械,2025Q1,BS,預け金,,11300
オリオン機械,2025Q1,BS,営業債権,,23400
オリオン機械,2025Q1,BS,棚卸資産,,10100
オリオン機械,2025Q1,BS,その他流動資産,,4000
オリオン機械,2025Q1,BS,有形固定資産(純額),,33200
オリオン機械,2025Q1,BS,投資その他の資産,,5200
オリオン機械,2025Q1,BS,営業債務,,10800
オリオン機械,2025Q1,BS,短期借入金,,3600
オリオン機械,2025Q1,BS,その他流動負債,,3000
オリオン機械,2025Q1,BS,長期借入金,,23100
オリオン機械,2025Q1,BS,その他固定負債,,3800
オリオン機械,2025Q1,BS,退職給付引当金,,10100
オリオン機械,2025Q1,BS,純資産合計,,52100
オリオン機械,2025Q1,PL,売上高,,76500
オリオン機械,2025Q1,PL,営業利益,,1600
オリオン機械,2025Q1,PL,税引前当期純利益,,1000
オリオン機械,2025Q1,PL,減価償却費,,3400
オリオン機械,2025Q1,PL,受取利息及び受取配当金,,300
オリオン機械,2025Q1,PL,支払利息,,900
オリオン機械,2025Q1,PL,法人税等,,300
オリオン機械,2025Q2,BS,現金及び預金,,11900
オリオン機械,2025Q2,BS,預け金,,12500
オリオン機械,2025Q2,BS,営業債権,,20500
オリオン機械,2025Q2,BS,棚卸資産,,11300
オリオン機械,2025Q2,BS,その他流動資産,,4600
オリオン機械,2025Q2,BS,有形固定資産(純額),,38200
オリオン機械,2025Q2,BS,投資その他の資産,,5500
オリオン機械,2025Q2,BS,営業債務,,9700
オリオン機械,2025Q2,BS,短期借入金,,1800
オリオン機械,2025Q2,BS,その他流動負債,,2300
オリオン機械,2025Q2,BS,長期借入金,,23800
オリオン機械,2025Q2,BS,その他固定負債,,4300
オリオン機械,2025Q2,BS,退職給付引当金,,9800
オリオン機械,2025Q2,BS,純資産合計,,52800
オリオン機械,2025Q2,PL,売上高,,77200
オリオン機械,2025Q2,PL,営業利益,,1100
オリオン機械,2025Q2,PL,税引前当期純利益,,1100
オリオン機械,2025Q2,PL,減価償却費,,3200
オリオン機械,2025Q2,PL,受取利息及び受取配当金,,200
オリオン機械,2025Q2,PL,支払利息,,200
オリオン機械,2025Q2,PL,法人税等,,400
オリオン機械,2025Q3,BS,現金及び預金,,7600
オリオン機械,2025Q3,BS,預け金,,11700
オリオン機械,2025Q3,BS,営業債権,,20200
オリオン機械,2025Q3,BS,棚卸資産,,12500
オリオン機械,2025Q3,BS,その他流動資産,,4300
オリオン機械,2025Q3,BS,有形固定資産(純額),,40800
オリオン機械,2025Q3,BS,投資その他の資産,,6700
オリオン機械,2025Q3,BS,営業債務,,7900
オリオン機械,2025Q3,BS,短期借入金,,2000
オリオン機械,2025Q3,BS,その他流動負債,,2700
オリオン機械,2025Q3,BS,長期借入金,,22600
オリオン機械,2025Q3,BS,その他固定負債,,3900
オリオン機械,2025Q3,BS,退職給付引当金,,9600
オリオン機械,2025Q3,BS,純資産合計,,55100
オリオン機械,2025Q3,PL,売上高,,76900
オリオン機械,2025Q3,PL,営業利益,,5500
オリオン機械,2025Q3,PL,税引前当期純利益,,4900
オリオン機械,2025Q3,PL,減価償却費,,2400
オリオン機械,2025Q3,PL,受取利息及び受取配当金,,200
オリオン機械,2025Q3,PL,支払利息,,700
オリオン機械,2025Q3,PL,固定資産売却損益(益は+、損は−),,-100
オリオン機械,2025Q3,PL,法人税等,,1600
オリオン機械,2025Q3,補足,有形固定資産の売却による収入,,2300
オリオン機械,2025Q3,SS,剰余金の配当(配当金の支払額),,1000
オリオン機械,2025Q4,BS,現金及び預金,,10700
オリオン機械,2025Q4,BS,預け金,,13900
オリオン機械,2025Q4,BS,営業債権,,20100
オリオン機械,2025Q4,BS,棚卸資産,,11900
オリオン機械,2025Q4,BS,その他流動資産,,3700
オリオン機械,2025Q4,BS,有形固定資産(純額),,39900
オリオン機械,2025Q4,BS,投資その他の資産,,7500
オリオン機械,2025Q4,BS,営業債務,,8100
オリオン機械,2025Q4,BS,短期借入金,,0
オリオン機械,2025Q4,BS,その他流動負債,,2700
オリオン機械,2025Q4,BS,長期借入金,,24700
オリオン機械,2025Q4,BS,その他固定負債,,3500
オリオン機械,2025Q4,BS,退職給付引当金,,9900
オリオン機械,2025Q4,BS,純資産合計,,58800
オリオン機械,2025Q4,PL,売上高,,77500
オリオン機械,2025Q4,PL,営業利益,,6000
オリオン機械,2025Q4,PL,税引前当期純利益,,5400
オリオン機械,2025Q4,PL,減価償却費,,2900
オリオン機械,2025Q4,PL,受取利息及び受取配当金,,100
オリオン機械,2025Q4,PL,支払利息,,100
オリオン機械,2025Q4,PL,固定資産売却損益(益は+、損は−),,-600
オリオン機械,2025Q4,PL,法人税等,,1700
オリオン機械,2025Q4,補足,有形固定資産の売却による収入,,1700
オリオン機械,2026Q1,BS,現金及び預金,,3600
オリオン機械,2026Q1,BS,預け金,,14100
オリオン機械,2026Q1,BS,営業債権,,22100
オリオン機械,2026Q1,BS,棚卸資産,,11800
オリオン機械,2026Q1,BS,その他流動資産,,4200
オリオン機械,2026Q1,BS,有形固定資産(純額),,43900
オリオン機械,2026Q1,BS,投資その他の資産,,8500
オリオン機械,2026Q1,BS,営業債務,,6800
オリオン機械,2026Q1,BS,短期借入金,,0
オリオン機械,2026Q1,BS,その他流動負債,,1800
オリオン機械,2026Q1,BS,長期借入金,,24200
オリオン機械,2026Q1,BS,その他固定負債,,3500
オリオン機械,2026Q1,BS,退職給付引当金,,9700
オリオン機械,2026Q1,BS,純資産合計,,62200
オリオン機械,2026Q1,PL,売上高,,77500
オリオン機械,2026Q1,PL,営業利益,,6400
オリオン機械,2026Q1,PL,税引前当期純利益,,6400
オリオン機械,2026Q1,PL,減価償却費,,3300
オリオン機械,2026Q1,PL,受取利息及び受取配当金,,400
オリオン機械,2026Q1,PL,支払利息,,1000
オリオン機械,2026Q1,PL,固定資産売却損益(益は+、損は−),,600
オリオン機械,2026Q1,PL,法人税等,,2000
オリオン機械,2026Q1,補足,有形固定資産の売却による収入,,1900
オリオン機械,2026Q1,SS,剰余金の配当(配当金の支払額),,1000
パシフィック紙業,2023Q4,BS,現金及び預金,64200,24400
パシフィック紙業,2023Q4,BS,預け金,68400,64800
パシフィック紙業,2023Q4,BS,営業債権,77400,63600
パシフィック紙業,2023Q4,BS,棚卸資産,79800,90000
パシフィック紙業,2023Q4,BS,その他流動資産,10800,12600
パシフィック紙業,2023Q4,BS,有形固定資産(純額),326400,355200
パシフィック紙業,2023Q4,BS,投資その他の資産,43200,45600
パシフィック紙業,2023Q4,BS,営業債務,79800,67800
パシフィック紙業,2023Q4,BS,短期借入金,2400,1800
パシフィック紙業,2023Q4,BS,その他流動負債,28800,24000
パシフィック紙業,2023Q4,BS,長期借入金,144600,147600
パシフィック紙業,2023Q4,BS,その他固定負債,28200,26400
パシフィック紙業,2023Q4,BS,退職給付引当金,19200,20400
パシフィック紙業,2023Q4,BS,純資産合計,367200,368200
パシフィック紙業,2023Q4,PL,売上高,,277100
パシフィック紙業,2023Q4,PL,営業利益,,3900
パシフィック紙業,2023Q4,PL,税引前当期純利益,,600
パシフィック紙業,2023Q4,PL,減価償却費,,32400
パシフィック紙業,2023Q4,PL,受取利息及び受取配当金,,300
パシフィック紙業,2023Q4,PL,支払利息,,3600
パシフィック紙業,2023Q4,PL,法人税等,,200
パシフィック紙業,2023Q4,SS,新株の発行(増資),,10200
パシフィック紙業,2023Q4,SS,自己株式の取得,,9600
パシフィック紙業,2024Q1,BS,現金及び預金,,74000
パシフィック紙業,2024Q1,BS,預け金,,55800
パシフィック紙業,2024Q1,BS,営業債権,,57600
パシフィック紙業,2024Q1,BS,棚卸資産,,94800
パシフィック紙業,2024Q1,BS,その他流動資産,,13200
パシフィック紙業,2024Q1,BS,有形固定資産(純額),,346800
パシフィック紙業,2024Q1,BS,投資その他の資産,,46200
パシフィック紙業,2024Q1,BS,営業債務,,75600
パシフィック紙業,2024Q1,BS,短期借入金,,0
パシフィック紙業,2024Q1,BS,その他流動負債,,25200
パシフィック紙業,2024Q1,BS,長期借入金,,160200
パシフィック紙業,2024Q1,BS,その他固定負債,,27600
パシフィック紙業,2024Q1,BS,退職給付引当金,,19800
パシフィック紙業,2024Q1,BS,純資産合計,,380000
パシフィック紙業,2024Q1,PL,売上高,,273800
パシフィック紙業,2024Q1,PL,営業利益,,17600
パシフィック紙業,2024Q1,PL,税引前当期純利益,,17300
パシフィック紙業,2024Q1,PL,減価償却費,,11400
パシフィック紙業,2024Q1,PL,受取利息及び受取配当金,,1500
パシフィック紙業,2024Q1,PL,支払利息,,1800
パシフィック紙業,2024Q1,PL,法人税等,,5500
パシフィック紙業,2024Q2,BS,現金及び預金,,128900
パシフィック紙業,2024Q2,BS,預け金,,65400
パシフィック紙業,2024Q2,BS,営業債権,,68400
パシフィック紙業,2024Q2,BS,棚卸資産,,85800
パシフィック紙業,2024Q2,BS,その他流動資産,,16200
パシフィック紙業,2024Q2,BS,有形固定資産(純額),,336600
パシフィック紙業,2024Q2,BS,投資その他の資産,,43800
パシフィック紙業,2024Q2,BS,営業債務,,76800
パシフィック紙業,2024Q2,BS,短期借入金,,1800
パシフィック紙業,2024Q2,BS,その他流動負債,,22800
パシフィック紙業,2024Q2,BS,長期借入金,,180600
パシフィック紙業,2024Q2,BS,その他固定負債,,31200
パシフィック紙業,2024Q2,BS,退職給付引当金,,18000
パシフィック紙業,2024Q2,BS,純資産合計,,413900
パシフィック紙業,2024Q2,PL,売上高,,272400
パシフィック紙業,2024Q2,PL,営業利益,,39900
パシフィック紙業,2024Q2,PL,税引前当期純利益,,37500
パシフィック紙業,2024Q2,PL,減価償却費,,14400
パシフィック紙業,2024Q2,PL,受取利息及び受取配当金,,600
パシフィック紙業,2024Q2,PL,支払利息,,3000
パシフィック紙業,2024Q2,PL,法人税等,,12000
パシフィック紙業,2024Q2,SS,自己株式の処分,,8400
パシフィック紙業,2024Q3,BS,現金及び預金,,118800
パシフィック紙業,2024Q3,BS,預け金,,54000
パシフィック紙業,2024Q3,BS,営業債権,,73800
パシフィック紙業,2024Q3,BS,棚卸資産,,75000
パシフィック紙業,2024Q3,BS,その他流動資産,,15600
パシフィック紙業,2024Q3,BS,有形固定資産(純額),,362400
パシフィック紙業,2024Q3,BS,投資その他の資産,,42000
パシフィック紙業,2024Q3,BS,営業債務,,94200
パシフィック紙業,2024Q3,BS,短期借入金,,0
パシフィック紙業,2024Q3,BS,その他流動負債,,25200
パシフィック紙業,2024Q3,BS,長期借入金,,164400
パシフィック紙業,2024Q3,BS,その他固定負債,,30000
パシフィック紙業,2024Q3,BS,退職給付引当金,,18600
パシフィック紙業,2024Q3,BS,純資産合計,,409200
パシフィック紙業,2024Q3,PL,売上高,,267300
パシフィック紙業,2024Q3,PL,営業利益,,100
パシフィック紙業,2024Q3,PL,税引前当期純利益,,-4700
パシフィック紙業,2024Q3,PL,減価償却費,,29400
パシフィック紙業,2024Q3,PL,受取利息及び受取配当金,,1800
パシフィック紙業,2024Q3,PL,支払利息,,6600
パシフィック紙業,2024Q4,BS,現金及び預金,,116100
パシフィック紙業,2024Q4,BS,預け金,,59400
パシフィック紙業,2024Q4,BS,営業債権,,60000
パシフィック紙業,2024Q4,BS,棚卸資産,,73200
パシフィック紙業,2024Q4,BS,その他流動資産,,19200
パシフィック紙業,2024Q4,BS,有形固定資産(純額),,369600
パシフィック紙業,2024Q4,BS,投資その他の資産,,42600
パシフィック紙業,2024Q4,BS,営業債務,,88800
パシフィック紙業,2024Q4,BS,短期借入金,,0
パシフィック紙業,2024Q4,BS,その他流動負債,,30000
パシフィック紙業,2024Q4,BS,長期借入金,,144600
パシフィック紙業,2024Q4,BS,その他固定負債,,29400
パシフィック紙業,2024Q4,BS,退職給付引当金,,23400
パシフィック紙業,2024Q4,BS,純資産合計,,423900
パシフィック紙業,2024Q4,PL,売上高,,259200
パシフィック紙業,2024Q4,PL,営業利益,,25100
パシフィック紙業,2024Q4,PL,税引前当期純利益,,26000
パシフィック紙業,2024Q4,PL,減価償却費,,13800
パシフィック紙業,2024Q4,PL,受取利息及び受取配当金,,2400
パシフィック紙業,2024Q4,PL,支払利息,,5100
パシフィック紙業,2024Q4,PL,固定資産売却損益(益は+、損は−),,3600
パシフィック紙業,2024Q4,PL,法人税等,,8300
パシフィック紙業,2024Q4,補足,有形固定資産の売却による収入,,21000
パシフィック紙業,2024Q4,SS,自己株式の取得,,3000
パシフィック紙業,2025Q1,BS,現金及び預金,,123500
パシフィック紙業,2025Q1,BS,預け金,,57600
パシフィック紙業,2025Q1,BS,営業債権,,60600
パシフィック紙業,2025Q1,BS,棚卸資産,,76200
パシフィック紙業,2025Q1,BS,その他流動資産,,23400
パシフィック紙業,2025Q1,BS,有形固定資産(純額),,384600
パシフィック紙業,2025Q1,BS,投資その他の資産,,40800
パシフィック紙業,2025Q1,BS,営業債務,,98400
パシフィック紙業,2025Q1,BS,短期借入金,,0
パシフィック紙業,2025Q1,BS,その他流動負債,,34800
パシフィック紙業,2025Q1,BS,長期借入金,,149400
パシフィック紙業,2025Q1,BS,その他固定負債,,33600
パシフィック紙業,2025Q1,BS,退職給付引当金,,22800
パシフィック紙業,2025Q1,BS,純資産合計,,427700
パシフィック紙業,2025Q1,PL,売上高,,258500
パシフィック紙業,2025Q1,PL,営業利益,,8000
パシフィック紙業,2025Q1,PL,税引前当期純利益,,5600
パシフィック紙業,2025Q1,PL,減価償却費,,10200
パシフィック紙業,2025Q1,PL,受取利息及び受取配当金,,2100
パシフィック紙業,2025Q1,PL,支払利息,,4500
パシフィック紙業,2025Q1,PL,法人税等,,1800
パシフィック紙業,2025Q2,BS,現金及び預金,,65900
パシフィック紙業,2025Q2,BS,預け金,,67800
パシフィック紙業,2025Q2,BS,営業債権,,77400
パシフィック紙業,2025Q2,BS,棚卸資産,,75600
パシフィック紙業,2025Q2,BS,その他流動資産,,26400
パシフィック紙業,2025Q2,BS,有形固定資産(純額),,412800
パシフィック紙業,2025Q2,BS,投資その他の資産,,45600
パシフィック紙業,2025Q2,BS,営業債務,,112800
パシフィック紙業,2025Q2,BS,短期借入金,,0
パシフィック紙業,2025Q2,BS,その他流動負債,,30000
パシフィック紙業,2025Q2,BS,長期借入金,,128400
パシフィック紙業,2025Q2,BS,その他固定負債,,31200
パシフィック紙業,2025Q2,BS,退職給付引当金,,25200
パシフィック紙業,2025Q2,BS,純資産合計,,443900
パシフィック紙業,2025Q2,PL,売上高,,256900
パシフィック紙業,2025Q2,PL,営業利益,,26200
パシフィック紙業,2025Q2,PL,税引前当期純利益,,23800
パシフィック紙業,2025Q2,PL,減価償却費,,22800
パシフィック紙業,2025Q2,PL,受取利息及び受取配当金,,2400
パシフィック紙業,2025Q2,PL,支払利息,,4500
パシフィック紙業,2025Q2,PL,固定資産売却損益(益は+、損は−),,-300
パシフィック紙業,2025Q2,PL,法人税等,,7600
パシフィック紙業,2025Q2,補足,有形固定資産の売却による収入,,10800
パシフィック紙業,2025Q3,BS,現金及び預金,,55200
パシフィック紙業,2025Q3,BS,預け金,,81000
パシフィック紙業,2025Q3,BS,営業債権,,84600
パシフィック紙業,2025Q3,BS,棚卸資産,,82200
パシフィック紙業,2025Q3,BS,その他流動資産,,26400
パシフィック紙業,2025Q3,BS,有形固定資産(純額),,407400
パシフィック紙業,2025Q3,BS,投資その他の資産,,52200
パシフィック紙業,2025Q3,BS,営業債務,,124800
パシフィック紙業,2025Q3,BS,短期借入金,,6600
パシフィック紙業,2025Q3,BS,その他流動負債,,33000
パシフィック紙業,2025Q3,BS,長期借入金,,118200
パシフィック紙業,2025Q3,BS,その他固定負債,,33000
パシフィック紙業,2025Q3,BS,退職給付引当金,,23400
パシフィック紙業,2025Q3,BS,純資産合計,,450000
パシフィック紙業,2025Q3,PL,売上高,,247300
パシフィック紙業,2025Q3,PL,営業利益,,15500
パシフィック紙業,2025Q3,PL,税引前当期純利益,,11600
パシフィック紙業,2025Q3,PL,減価償却費,,22800
パシフィック紙業,2025Q3,PL,受取利息及び受取配当金,,900
パシフィック紙業,2025Q3,PL,支払利息,,4800
パシフィック紙業,2025Q3,PL,法人税等,,3700
パシフィック紙業,2025Q3,SS,剰余金の配当(配当金の支払額),,1800
パシフィック紙業,2025Q4,BS,現金及び預金,,92300
パシフィック紙業,2025Q4,BS,預け金,,97200
パシフィック紙業,2025Q4,BS,営業債権,,66600
パシフィック紙業,2025Q4,BS,棚卸資産,,93000
パシフィック紙業,2025Q4,BS,その他流動資産,,27000
パシフィック紙業,2025Q4,BS,有形固定資産(純額),,417000
パシフィック紙業,2025Q4,BS,投資その他の資産,,49800
パシフィック紙業,2025Q4,BS,営業債務,,127800
パシフィック紙業,2025Q4,BS,短期借入金,,19200
パシフィック紙業,2025Q4,BS,その他流動負債,,34200
パシフィック紙業,2025Q4,BS,長期借入金,,136800
パシフィック紙業,2025Q4,BS,その他固定負債,,32400
パシフィック紙業,2025Q4,BS,退職給付引当金,,28200
パシフィック紙業,2025Q4,BS,純資産合計,,464300
パシフィック紙業,2025Q4,PL,売上高,,240900
パシフィック紙業,2025Q4,PL,営業利益,,22000
パシフィック紙業,2025Q4,PL,税引前当期純利益,,21100
パシフィック紙業,2025Q4,PL,減価償却費,,24600
パシフィック紙業,2025Q4,PL,受取利息及び受取配当金,,300
パシフィック紙業,2025Q4,PL,支払利息,,1200
パシフィック紙業,2025Q4,PL,法人税等,,6800
パシフィック紙業,2026Q1,BS,現金及び預金,,101600
パシフィック紙業,2026Q1,BS,預け金,,85200
パシフィック紙業,2026Q1,BS,営業債権,,70200
パシフィック紙業,2026Q1,BS,棚卸資産,,94800
パシフィック紙業,2026Q1,BS,その他流動資産,,25800
パシフィック紙業,2026Q1,BS,有形固定資産(純額),,429000
パシフィック紙業,2026Q1,BS,投資その他の資産,,45600
パシフィック紙業,2026Q1,BS,営業債務,,138600
パシフィック紙業,2026Q1,BS,短期借入金,,3600
パシフィック紙業,2026Q1,BS,その他流動負債,,32400
パシフィック紙業,2026Q1,BS,長期借入金,,138600
パシフィック紙業,2026Q1,BS,その他固定負債,,36600
パシフィック紙業,2026Q1,BS,退職給付引当金,,30000
パシフィック紙業,2026Q1,BS,純資産合計,,472400
パシフィック紙業,2026Q1,PL,売上高,,245500
パシフィック紙業,2026Q1,PL,営業利益,,11600
パシフィック紙業,2026Q1,PL,税引前当期純利益,,11900
パシフィック紙業,2026Q1,PL,減価償却費,,29400
パシフィック紙業,2026Q1,PL,受取利息及び受取配当金,,1800
パシフィック紙業,2026Q1,PL,支払利息,,4500
パシフィック紙業,2026Q1,PL,固定資産売却損益(益は+、損は−),,3000
パシフィック紙業,2026Q1,PL,法人税等,,3800
パシフィック紙業,2026Q1,補足,有形固定資産の売却による収入,,7800
クオリア医薬,2023Q4,BS,現金及び預金,6700,6200
クオリア医薬,2023Q4,BS,預け金,5600,3400
クオリア医薬,2023Q4,BS,営業債権,23900,25800
クオリア医薬,2023Q4,BS,棚卸資産,10700,11900
クオリア医薬,2023Q4,BS,その他流動資産,3800,4200
クオリア医薬,2023Q4,BS,有形固定資産(純額),28100,28400
クオリア医薬,2023Q4,BS,投資その他の資産,6200,7200
クオリア医薬,2023Q4,BS,営業債務,17100,18300
クオリア医薬,2023Q4,BS,短期借入金,1600,3800
クオリア医薬,2023Q4,BS,その他流動負債,4700,4900
クオリア医薬,2023Q4,BS,長期借入金,24100,20400
クオリア医薬,2023Q4,BS,その他固定負債,1400,1200
クオリア医薬,2023Q4,BS,退職給付引当金,9500,10000
クオリア医薬,2023Q4,BS,純資産合計,26600,28500
クオリア医薬,2023Q4,PL,売上高,,64600
クオリア医薬,2023Q4,PL,営業利益,,3200
クオリア医薬,2023Q4,PL,税引前当期純利益,,2800
クオリア医薬,2023Q4,PL,減価償却費,,4500
クオリア医薬,2023Q4,PL,受取利息及び受取配当金,,200
クオリア医薬,2023Q4,PL,支払利息,,600
クオリア医薬,2023Q4,PL,法人税等,,900
クオリア医薬,2024Q1,BS,現金及び預金,,9500
クオリア医薬,2024Q1,BS,預け金,,2700
クオリア医薬,2024Q1,BS,営業債権,,25600
クオリア医薬,2024Q1,BS,棚卸資産,,12700
クオリア医薬,2024Q1,BS,その他流動資産,,5000
クオリア医薬,2024Q1,BS,有形固定資産(純額),,27600
クオリア医薬,2024Q1,BS,投資その他の資産,,6200
クオリア医薬,2024Q1,BS,営業債務,,20500
クオリア医薬,2024Q1,BS,短期借入金,,1900
クオリア医薬,2024Q1,BS,その他流動負債,,5900
クオリア医薬,2024Q1,BS,長期借入金,,21000
クオリア医薬,2024Q1,BS,その他固定負債,,1800
クオリア医薬,2024Q1,BS,退職給付引当金,,10200
クオリア医薬,2024Q1,BS,純資産合計,,28000
クオリア医薬,2024Q1,PL,売上高,,62100
クオリア医薬,2024Q1,PL,営業利益,,-500
クオリア医薬,2024Q1,PL,税引前当期純利益,,-500
クオリア医薬,2024Q1,PL,減価償却費,,5400
クオリア医薬,2024Q1,PL,受取利息及び受取配当金,,200
クオリア医薬,2024Q1,PL,支払利息,,200
クオリア医薬,2024Q2,BS,現金及び預金,,3900
クオリア医薬,2024Q2,BS,預け金,,1800
クオリア医薬,2024Q2,BS,営業債権,,28000
クオリア医薬,2024Q2,BS,棚卸資産,,10900
クオリア医薬,2024Q2,BS,その他流動資産,,5000
クオリア医薬,2024Q2,BS,有形固定資産(純額),,32300
クオリア医薬,2024Q2,BS,投資その他の資産,,7500
クオリア医薬,2024Q2,BS,営業債務,,18200
クオリア医薬,2024Q2,BS,短期借入金,,3700
クオリア医薬,2024Q2,BS,その他流動負債,,5800
クオリア医薬,2024Q2,BS,長期借入金,,17500
クオリア医薬,2024Q2,BS,その他固定負債,,2400
クオリア医薬,2024Q2,BS,退職給付引当金,,11000
クオリア医薬,2024Q2,BS,純資産合計,,30800
クオリア医薬,2024Q2,PL,売上高,,60100
クオリア医薬,2024Q2,PL,営業利益,,6700
クオリア医薬,2024Q2,PL,税引前当期純利益,,7000
クオリア医薬,2024Q2,PL,減価償却費,,5300
クオリア医薬,2024Q2,PL,受取利息及び受取配当金,,200
クオリア医薬,2024Q2,PL,支払利息,,100
クオリア医薬,2024Q2,PL,固定資産売却損益(益は+、損は−),,200
クオリア医薬,2024Q2,PL,法人税等,,2200
クオリア医薬,2024Q2,補足,有形固定資産の売却による収入,,3800
クオリア医薬,2024Q2,SS,自己株式の取得,,2000
クオリア医薬,2024Q3,BS,現金及び預金,,5400
クオリア医薬,2024Q3,BS,預け金,,3700
クオリア医薬,2024Q3,BS,営業債権,,25400
クオリア医薬,2024Q3,BS,棚卸資産,,12800
クオリア医薬,2024Q3,BS,その他流動資産,,5800
クオリア医薬,2024Q3,BS,有形固定資産(純額),,32800
クオリア医薬,2024Q3,BS,投資その他の資産,,7100
クオリア医薬,2024Q3,BS,営業債務,,17900
クオリア医薬,2024Q3,BS,短期借入金,,4600
クオリア医薬,2024Q3,BS,その他流動負債,,5700
クオリア医薬,2024Q3,BS,長期借入金,,16800
クオリア医薬,2024Q3,BS,その他固定負債,,3100
クオリア医薬,2024Q3,BS,退職給付引当金,,10700
クオリア医薬,2024Q3,BS,純資産合計,,34200
クオリア医薬,2024Q3,PL,売上高,,59800
クオリア医薬,2024Q3,PL,営業利益,,6700
クオリア医薬,2024Q3,PL,税引前当期純利益,,6300
クオリア医薬,2024Q3,PL,減価償却費,,1700
クオリア医薬,2024Q3,PL,受取利息及び受取配当金,,200
クオリア医薬,2024Q3,PL,支払利息,,600
クオリア医薬,2024Q3,PL,法人税等,,2000
クオリア医薬,2024Q3,SS,剰余金の配当(配当金の支払額),,900
クオリア医薬,2024Q4,BS,現金及び預金,,500
クオリア医薬,2024Q4,BS,預け金,,1500
クオリア医薬,2024Q4,BS,営業債権,,28200
クオリア医薬,2024Q4,BS,棚卸資産,,13100
クオリア医薬,2024Q4,BS,その他流動資産,,6200
クオリア医薬,2024Q4,BS,有形固定資産(純額),,37100
クオリア医薬,2024Q4,BS,投資その他の資産,,8000
クオリア医薬,2024Q4,BS,営業債務,,17100
クオリア医薬,2024Q4,BS,短期借入金,,6200
クオリア医薬,2024Q4,BS,その他流動負債,,6400
クオリア医薬,2024Q4,BS,長期借入金,,13000
クオリア医薬,2024Q4,BS,その他固定負債,,3100
クオリア医薬,2024Q4,BS,退職給付引当金,,11500
クオリア医薬,2024Q4,BS,純資産合計,,37300
クオリア医薬,2024Q4,PL,売上高,,57400
クオリア医薬,2024Q4,PL,営業利益,,5300
クオリア医薬,2024Q4,PL,税引前当期純利益,,4600
クオリア医薬,2024Q4,PL,減価償却費,,4800
クオリア医薬,2024Q4,PL,受取利息及び受取配当金,,200
クオリア医薬,2024Q4,PL,支払利息,,900
クオリア医薬,2024Q4,PL,法人税等,,1500
クオリア医薬,2025Q1,BS,現金及び預金,,500
クオリア医薬,2025Q1,BS,預け金,,800
クオリア医薬,2025Q1,BS,営業債権,,26100
クオリア医薬,2025Q1,BS,棚卸資産,,13900
クオリア医薬,2025Q1,BS,その他流動資産,,6800
クオリア医薬,2025Q1,BS,有形固定資産(純額),,38900
クオリア医薬,2025Q1,BS,投資その他の資産,,9500
クオリア医薬,2025Q1,BS,営業債務,,15400
クオリア医薬,2025Q1,BS,短期借入金,,9400
クオリア医薬,2025Q1,BS,その他流動負債,,5600
クオリア医薬,2025Q1,BS,長期借入金,,11600
クオリア医薬,2025Q1,BS,その他固定負債,,2700
クオリア医薬,2025Q1,BS,退職給付引当金,,11700
クオリア医薬,2025Q1,BS,純資産合計,,40100
クオリア医薬,2025Q1,PL,売上高,,56200
クオリア医薬,2025Q1,PL,営業利益,,4800
クオリア医薬,2025Q1,PL,税引前当期純利益,,4100
クオリア医薬,2025Q1,PL,減価償却費,,3100
クオリア医薬,2025Q1,PL,受取利息及び受取配当金,,200
クオリア医薬,2025Q1,PL,支払利息,,900
クオリア医薬,2025Q1,PL,法人税等,,1300
クオリア医薬,2025Q2,BS,現金及び預金,,4100
クオリア医薬,2025Q2,BS,預け金,,300
クオリア医薬,2025Q2,BS,営業債権,,24700
クオリア医薬,2025Q2,BS,棚卸資産,,13000
クオリア医薬,2025Q2,BS,その他流動資産,,6400
クオリア医薬,2025Q2,BS,有形固定資産(純額),,41900
クオリア医薬,2025Q2,BS,投資その他の資産,,10300
クオリア医薬,2025Q2,BS,営業債務,,16100
クオリア医薬,2025Q2,BS,短期借入金,,10400
クオリア医薬,2025Q2,BS,その他流動負債,,6600
クオリア医薬,2025Q2,BS,長期借入金,,8400
クオリア医薬,2025Q2,BS,その他固定負債,,3300
クオリア医薬,2025Q2,BS,退職給付引当金,,11700
クオリア医薬,2025Q2,BS,純資産合計,,44200
クオリア医薬,2025Q2,PL,売上高,,54300
クオリア医薬,2025Q2,PL,営業利益,,5000
クオリア医薬,2025Q2,PL,税引前当期純利益,,6000
クオリア医薬,2025Q2,PL,減価償却費,,5400
クオリア医薬,2025Q2,PL,受取利息及び受取配当金,,300
クオリア医薬,2025Q2,PL,支払利息,,100
クオリア医薬,2025Q2,PL,固定資産売却損益(益は+、損は−),,800
クオリア医薬,2025Q2,PL,法人税等,,1900
クオリア医薬,2025Q2,補足,有形固定資産の売却による収入,,800
クオリア医薬,2025Q3,BS,現金及び預金,,500
クオリア医薬,2025Q3,BS,預け金,,2700
クオリア医薬,2025Q3,BS,営業債権,,27800
クオリア医薬,2025Q3,BS,棚卸資産,,12300
クオリア医薬,2025Q3,BS,その他流動資産,,7000
クオリア医薬,2025Q3,BS,有形固定資産(純額),,46600
クオリア医薬,2025Q3,BS,投資その他の資産,,9400
クオリア医薬,2025Q3,BS,営業債務,,15200
クオリア医薬,2025Q3,BS,短期借入金,,19000
クオリア医薬,2025Q3,BS,その他流動負債,,6100
クオリア医薬,2025Q3,BS,長期借入金,,6000
クオリア医薬,2025Q3,BS,その他固定負債,,3200
クオリア医薬,2025Q3,BS,退職給付引当金,,11400
クオリア医薬,2025Q3,BS,純資産合計,,45400
クオリア医薬,2025Q3,PL,売上高,,51700
クオリア医薬,2025Q3,PL,営業利益,,2700
クオリア医薬,2025Q3,PL,税引前当期純利益,,1700
クオリア医薬,2025Q3,PL,減価償却費,,2000
クオリア医薬,2025Q3,PL,受取利息及び受取配当金,,200
クオリア医薬,2025Q3,PL,支払利息,,1200
クオリア医薬,2025Q3,PL,法人税等,,500
クオリア医薬,2025Q4,BS,現金及び預金,,1900
クオリア医薬,2025Q4,BS,預け金,,5500
クオリア医薬,2025Q4,BS,営業債権,,29800
クオリア医薬,2025Q4,BS,棚卸資産,,12000
クオリア医薬,2025Q4,BS,その他流動資産,,7200
クオリア医薬,2025Q4,BS,有形固定資産(純額),,45400
クオリア医薬,2025Q4,BS,投資その他の資産,,9200
クオリア医薬,2025Q4,BS,営業債務,,15600
クオリア医薬,2025Q4,BS,短期借入金,,20400
クオリア医薬,2025Q4,BS,その他流動負債,,6100
クオリア医薬,2025Q4,BS,長期借入金,,4200
クオリア医薬,2025Q4,BS,その他固定負債,,3400
クオリア医薬,2025Q4,BS,退職給付引当金,,11300
クオリア医薬,2025Q4,BS,純資産合計,,50000
クオリア医薬,2025Q4,PL,売上高,,52200
クオリア医薬,2025Q4,PL,営業利益,,4500
クオリア医薬,2025Q4,PL,税引前当期純利益,,4600
クオリア医薬,2025Q4,PL,減価償却費,,5000
クオリア医薬,2025Q4,PL,受取利息及び受取配当金,,100
クオリア医薬,2025Q4,PL,支払利息,,200
クオリア医薬,2025Q4,PL,固定資産売却損益(益は+、損は−),,200
クオリア医薬,2025Q4,PL,法人税等,,1500
クオリア医薬,2025Q4,補足,有形固定資産の売却による収入,,2300
クオリア医薬,2025Q4,SS,自己株式の処分,,1500
クオリア医薬,2026Q1,BS,現金及び預金,,500
クオリア医薬,2026Q1,BS,預け金,,7000
クオリア医薬,2026Q1,BS,営業債権,,27500
クオリア医薬,2026Q1,BS,棚卸資産,,12400
クオリア医薬,2026Q1,BS,その他流動資産,,7600
クオリア医薬,2026Q1,BS,有形固定資産(純額),,45500
クオリア医薬,2026Q1,BS,投資その他の資産,,9700
クオリア医薬,2026Q1,BS,営業債務,,13200
クオリア医薬,2026Q1,BS,短期借入金,,19800
クオリア医薬,2026Q1,BS,その他流動負債,,6700
クオリア医薬,2026Q1,BS,長期借入金,,4500
クオリア医薬,2026Q1,BS,その他固定負債,,3400
クオリア医薬,2026Q1,BS,退職給付引当金,,11800
クオリア医薬,2026Q1,BS,純資産合計,,50800
クオリア医薬,2026Q1,PL,売上高,,50500
クオリア医薬,2026Q1,PL,営業利益,,1900
クオリア医薬,2026Q1,PL,税引前当期純利益,,1400
クオリア医薬,2026Q1,PL,減価償却費,,1700
クオリア医薬,2026Q1,PL,受取利息及び受取配当金,,100
クオリア医薬,2026Q1,PL,支払利息,,600
クオリア医薬,2026Q1,PL,法人税等,,400
クオリア医薬,2026Q1,SS,剰余金の配当(配当金の支払額),,200
リバーサイド不動産,2023Q4,BS,現金及び預金,25000,21000
リバーサイド不動産,2023Q4,BS,預け金,7500,14500
リバーサイド不動産,2023Q4,BS,営業債権,39300,48100
リバーサイド不動産,2023Q4,BS,棚卸資産,34000,35500
リバーサイド不動産,2023Q4,BS,その他流動資産,8800,9300
リバーサイド不動産,2023Q4,BS,有形固定資産(純額),62000,65000
リバーサイド不動産,2023Q4,BS,投資その他の資産,10300,11600
リバーサイド不動産,2023Q4,BS,営業債務,21300,28100
リバーサイド不動産,2023Q4,BS,短期借入金,25800,19100
リバーサイド不動産,2023Q4,BS,その他流動負債,5800,7600
リバーサイド不動産,2023Q4,BS,長期借入金,21300,21800
リバーサイド不動産,2023Q4,BS,その他固定負債,12500,13500
リバーサイド不動産,2023Q4,BS,退職給付引当金,15500,17300
リバーサイド不動産,2023Q4,BS,純資産合計,84700,97600
リバーサイド不動産,2023Q4,PL,売上高,,141700
リバーサイド不動産,2023Q4,PL,営業利益,,20800
リバーサイド不動産,2023Q4,PL,税引前当期純利益,,19000
リバーサイド不動産,2023Q4,PL,減価償却費,,11800
リバーサイド不動産,2023Q4,PL,支払利息,,1800
リバーサイド不動産,2023Q4,PL,法人税等,,6100
リバーサイド不動産,2024Q1,BS,現金及び預金,,10100
リバーサイド不動産,2024Q1,BS,預け金,,20300
リバーサイド不動産,2024Q1,BS,営業債権,,55400
リバーサイド不動産,2024Q1,BS,棚卸資産,,30500
リバーサイド不動産,2024Q1,BS,その他流動資産,,10600
リバーサイド不動産,2024Q1,BS,有形固定資産(純額),,67300
リバーサイド不動産,2024Q1,BS,投資その他の資産,,12900
リバーサイド不動産,2024Q1,BS,営業債務,,27400
リバーサイド不動産,2024Q1,BS,短期借入金,,25100
リバーサイド不動産,2024Q1,BS,その他流動負債,,5600
リバーサイド不動産,2024Q1,BS,長期借入金,,12300
リバーサイド不動産,2024Q1,BS,その他固定負債,,15300
リバーサイド不動産,2024Q1,BS,退職給付引当金,,18100
リバーサイド不動産,2024Q1,BS,純資産合計,,103300
リバーサイド不動産,2024Q1,PL,売上高,,146500
リバーサイド不動産,2024Q1,PL,営業利益,,13200
リバーサイド不動産,2024Q1,PL,税引前当期純利益,,14700
リバーサイド不動産,2024Q1,PL,減価償却費,,8500
リバーサイド不動産,2024Q1,PL,受取利息及び受取配当金,,1000
リバーサイド不動産,2024Q1,PL,支払利息,,1400
リバーサイド不動産,2024Q1,PL,固定資産売却損益(益は+、損は−),,1900
リバーサイド不動産,2024Q1,PL,法人税等,,4700
リバーサイド不動産,2024Q1,補足,有形固定資産の売却による収入,,9000
リバーサイド不動産,2024Q1,SS,剰余金の配当(配当金の支払額),,4300
リバーサイド不動産,2024Q2,BS,現金及び預金,,10200
リバーサイド不動産,2024Q2,BS,預け金,,24300
リバーサイド不動産,2024Q2,BS,営業債権,,48900
リバーサイド不動産,2024Q2,BS,棚卸資産,,34300
リバーサイド不動産,2024Q2,BS,その他流動資産,,12600
リバーサイド不動産,2024Q2,BS,有形固定資産(純額),,76800
リバーサイド不動産,2024Q2,BS,投資その他の資産,,14400
リバーサイド不動産,2024Q2,BS,営業債務,,28200
リバーサイド不動産,2024Q2,BS,短期借入金,,30400
リバーサイド不動産,2024Q2,BS,その他流動負債,,7400
リバーサイド不動産,2024Q2,BS,長期借入金,,3300
リバーサイド不動産,2024Q2,BS,その他固定負債,,15600
リバーサイド不動産,2024Q2,BS,退職給付引当金,,18900
リバーサイド不動産,2024Q2,BS,純資産合計,,117700
リバーサイド不動産,2024Q2,PL,売上高,,151600
リバーサイド不動産,2024Q2,PL,営業利益,,21200
リバーサイド不動産,2024Q2,PL,税引前当期純利益,,21200
リバーサイド不動産,2024Q2,PL,減価償却費,,4300
リバーサイド不動産,2024Q2,PL,受取利息及び受取配当金,,1000
リバーサイド不動産,2024Q2,PL,支払利息,,1000
リバーサイド不動産,2024Q2,PL,法人税等,,6800
リバーサイド不動産,2024Q3,BS,現金及び預金,,1300
リバーサイド不動産,2024Q3,BS,預け金,,21800
リバーサイド不動産,2024Q3,BS,営業債権,,51400
リバーサイド不動産,2024Q3,BS,棚卸資産,,40100
リバーサイド不動産,2024Q3,BS,その他流動資産,,13900
リバーサイド不動産,2024Q3,BS,有形固定資産(純額),,85600
リバーサイド不動産,2024Q3,BS,投資その他の資産,,15700
リバーサイド不動産,2024Q3,BS,営業債務,,27500
リバーサイド不動産,2024Q3,BS,短期借入金,,24200
リバーサイド不動産,2024Q3,BS,その他流動負債,,8200
リバーサイド不動産,2024Q3,BS,長期借入金,,11100
リバーサイド不動産,2024Q3,BS,その他固定負債,,15400
リバーサイド不動産,2024Q3,BS,退職給付引当金,,20200
リバーサイド不動産,2024Q3,BS,純資産合計,,123200
リバーサイド不動産,2024Q3,PL,売上高,,154900
リバーサイド不動産,2024Q3,PL,営業利益,,12500
リバーサイド不動産,2024Q3,PL,税引前当期純利益,,10000
リバーサイド不動産,2024Q3,PL,減価償却費,,4300
リバーサイド不動産,2024Q3,PL,受取利息及び受取配当金,,500
リバーサイド不動産,2024Q3,PL,支払利息,,2100
リバーサイド不動産,2024Q3,PL,固定資産売却損益(益は+、損は−),,-900
リバーサイド不動産,2024Q3,PL,法人税等,,3200
リバーサイド不動産,2024Q3,補足,有形固定資産の売却による収入,,8000
リバーサイド不動産,2024Q3,SS,剰余金の配当(配当金の支払額),,1300
リバーサイド不動産,2024Q4,BS,現金及び預金,,500
リバーサイド不動産,2024Q4,BS,預け金,,25300
リバーサイド不動産,2024Q4,BS,営業債権,,58700
リバーサイド不動産,2024Q4,BS,棚卸資産,,42600
リバーサイド不動産,2024Q4,BS,その他流動資産,,14900
リバーサイド不動産,2024Q4,BS,有形固定資産(純額),,80600
リバーサイド不動産,2024Q4,BS,投資その他の資産,,15000
リバーサイド不動産,2024Q4,BS,営業債務,,26500
リバーサイド不動産,2024Q4,BS,短期借入金,,39200
リバーサイド不動産,2024Q4,BS,その他流動負債,,6200
リバーサイド不動産,2024Q4,BS,長期借入金,,7400
リバーサイド不動産,2024Q4,BS,その他固定負債,,16200
リバーサイド不動産,2024Q4,BS,退職給付引当金,,20700
リバーサイド不動産,2024Q4,BS,純資産合計,,121400
リバーサイド不動産,2024Q4,PL,売上高,,163400
リバーサイド不動産,2024Q4,PL,営業利益,,500
リバーサイド不動産,2024Q4,PL,税引前当期純利益,,-1800
リバーサイド不動産,2024Q4,PL,減価償却費,,12300
リバーサイド不動産,2024Q4,PL,受取利息及び受取配当金,,500
リバーサイド不動産,2024Q4,PL,支払利息,,2600
リバーサイド不動産,2024Q4,PL,固定資産売却損益(益は+、損は−),,-200
リバーサイド不動産,2024Q4,補足,有形固定資産の売却による収入,,4500
リバーサイド不動産,2025Q1,BS,現金及び預金,,500
リバーサイド不動産,2025Q1,BS,預け金,,32600
リバーサイド不動産,2025Q1,BS,営業債権,,56200
リバーサイド不動産,2025Q1,BS,棚卸資産,,38900
リバーサイド不動産,2025Q1,BS,その他流動資産,,16200
リバーサイド不動産,2025Q1,BS,有形固定資産(純額),,77600
リバーサイド不動産,2025Q1,BS,投資その他の資産,,14500
リバーサイド不動産,2025Q1,BS,営業債務,,28500
リバーサイド不動産,2025Q1,BS,短期借入金,,44300
リバーサイド不動産,2025Q1,BS,その他流動負債,,6200
リバーサイド不動産,2025Q1,BS,長期借入金,,1700
リバーサイド不動産,2025Q1,BS,その他固定負債,,17200
リバーサイド不動産,2025Q1,BS,退職給付引当金,,21500
リバーサイド不動産,2025Q1,BS,純資産合計,,117100
リバーサイド不動産,2025Q1,PL,売上高,,175100
リバーサイド不動産,2025Q1,PL,営業利益,,-3000
リバーサイド不動産,2025Q1,PL,税引前当期純利益,,-4300
リバーサイド不動産,2025Q1,PL,減価償却費,,6300
リバーサイド不動産,2025Q1,PL,受取利息及び受取配当金,,600
リバーサイド不動産,2025Q1,PL,支払利息,,1900
リバーサイド不動産,2025Q2,BS,現金及び預金,,8000
リバーサイド不動産,2025Q2,BS,預け金,,33400
リバーサイド不動産,2025Q2,BS,営業債権,,52500
リバーサイド不動産,2025Q2,BS,棚卸資産,,42200
リバーサイド不動産,2025Q2,BS,その他流動資産,,17700
リバーサイド不動産,2025Q2,BS,有形固定資産(純額),,87400
リバーサイド不動産,2025Q2,BS,投資その他の資産,,12300
リバーサイド不動産,2025Q2,BS,営業債務,,29800
リバーサイド不動産,2025Q2,BS,短期借入金,,51100
リバーサイド不動産,2025Q2,BS,その他流動負債,,5200
リバーサイド不動産,2025Q2,BS,長期借入金,,9700
リバーサイド不動産,2025Q2,BS,その他固定負債,,16200
リバーサイド不動産,2025Q2,BS,退職給付引当金,,22300
リバーサイド不動産,2025Q2,BS,純資産合計,,119200
リバーサイド不動産,2025Q2,PL,売上高,,182300
リバーサイド不動産,2025Q2,PL,営業利益,,5100
リバーサイド不動産,2025Q2,PL,税引前当期純利益,,3100
リバーサイド不動産,2025Q2,PL,減価償却費,,8300
リバーサイド不動産,2025Q2,PL,受取利息及び受取配当金,,1000
リバーサイド不動産,2025Q2,PL,支払利息,,2000
リバーサイド不動産,2025Q2,PL,固定資産売却損益(益は+、損は−),,-1000
リバーサイド不動産,2025Q2,PL,法人税等,,1000
リバーサイド不動産,2025Q2,補足,有形固定資産の売却による収入,,6300
リバーサイド不動産,2025Q3,BS,現金及び預金,,500
リバーサイド不動産,2025Q3,BS,預け金,,35400
リバーサイド不動産,2025Q3,BS,営業債権,,48000
リバーサイド不動産,2025Q3,BS,棚卸資産,,41200
リバーサイド不動産,2025Q3,BS,その他流動資産,,18700
リバーサイド不動産,2025Q3,BS,有形固定資産(純額),,96200
リバーサイド不動産,2025Q3,BS,投資その他の資産,,11100
リバーサイド不動産,2025Q3,BS,営業債務,,24300
リバーサイド不動産,2025Q3,BS,短期借入金,,53400
リバーサイド不動産,2025Q3,BS,その他流動負債,,5200
リバーサイド不動産,2025Q3,BS,長期借入金,,5700
リバーサイド不動産,2025Q3,BS,その他固定負債,,14700
リバーサイド不動産,2025Q3,BS,退職給付引当金,,23100
リバーサイド不動産,2025Q3,BS,純資産合計,,124700
リバーサイド不動産,2025Q3,PL,売上高,,192900
リバーサイド不動産,2025Q3,PL,営業利益,,8500
リバーサイド不動産,2025Q3,PL,税引前当期純利益,,8100
リバーサイド不動産,2025Q3,PL,減価償却費,,9800
リバーサイド不動産,2025Q3,PL,受取利息及び受取配当金,,600
リバーサイド不動産,2025Q3,PL,支払利息,,1000
リバーサイド不動産,2025Q3,PL,法人税等,,2600
リバーサイド不動産,2025Q4,BS,現金及び預金,,37800
リバーサイド不動産,2025Q4,BS,預け金,,29400
リバーサイド不動産,2025Q4,BS,営業債権,,57800
リバーサイド不動産,2025Q4,BS,棚卸資産,,37200
リバーサイド不動産,2025Q4,BS,その他流動資産,,19700
リバーサイド不動産,2025Q4,BS,有形固定資産(純額),,92200
リバーサイド不動産,2025Q4,BS,投資その他の資産,,14900
リバーサイド不動産,2025Q4,BS,営業債務,,30300
リバーサイド不動産,2025Q4,BS,短期借入金,,56700
リバーサイド不動産,2025Q4,BS,その他流動負債,,5000
リバーサイド不動産,2025Q4,BS,長期借入金,,13200
リバーサイド不動産,2025Q4,BS,その他固定負債,,13700
リバーサイド不動産,2025Q4,BS,退職給付引当金,,24900
リバーサイド不動産,2025Q4,BS,純資産合計,,145200
リバーサイド不動産,2025Q4,PL,売上高,,207400
リバーサイド不動産,2025Q4,PL,営業利益,,28800
リバーサイド不動産,2025Q4,PL,税引前当期純利益,,30200
リバーサイド不動産,2025Q4,PL,減価償却費,,9500
リバーサイド不動産,2025Q4,PL,受取利息及び受取配当金,,100
リバーサイド不動産,2025Q4,PL,支払利息,,600
リバーサイド不動産,2025Q4,PL,固定資産売却損益(益は+、損は−),,1900
リバーサイド不動産,2025Q4,PL,法人税等,,9700
リバーサイド不動産,2025Q4,補足,有形固定資産の売却による収入,,7300
リバーサイド不動産,2026Q1,BS,現金及び預金,,14800
リバーサイド不動産,2026Q1,BS,預け金,,25900
リバーサイド不動産,2026Q1,BS,営業債権,,58100
リバーサイド不動産,2026Q1,BS,棚卸資産,,40700
リバーサイド不動産,2026Q1,BS,その他流動資産,,21000
リバーサイド不動産,2026Q1,BS,有形固定資産(純額),,101000
リバーサイド不動産,2026Q1,BS,投資その他の資産,,14900
リバーサイド不動産,2026Q1,BS,営業債務,,28100
リバーサイド不動産,2026Q1,BS,短期借入金,,56200
リバーサイド不動産,2026Q1,BS,その他流動負債,,7500
リバーサイド不動産,2026Q1,BS,長期借入金,,3500
リバーサイド不動産,2026Q1,BS,その他固定負債,,14200
リバーサイド不動産,2026Q1,BS,退職給付引当金,,24900
リバーサイド不動産,2026Q1,BS,純資産合計,,142000
リバーサイド不動産,2026Q1,PL,売上高,,213800
リバーサイド不動産,2026Q1,PL,営業利益,,-4100
リバーサイド不動産,2026Q1,PL,税引前当期純利益,,-3200
リバーサイド不動産,2026Q1,PL,減価償却費,,13500
リバーサイド不動産,2026Q1,PL,受取利息及び受取配当金,,100
リバーサイド不動産,2026Q1,PL,支払利息,,600
リバーサイド不動産,2026Q1,PL,固定資産売却損益(益は+、損は−),,1400
リバーサイド不動産,2026Q1,補足,有形固定資産の売却による収入,,3500
サクラ繊維,2023Q4,BS,現金及び預金,10400,20000
サクラ繊維,2023Q4,BS,預け金,10400,10200
サクラ繊維,2023Q4,BS,営業債権,17900,16600
サクラ繊維,2023Q4,BS,棚卸資産,13300,11400
サクラ繊維,2023Q4,BS,その他流動資産,1800,2000
サクラ繊維,2023Q4,BS,有形固定資産(純額),49600,49900
サクラ繊維,2023Q4,BS,投資その他の資産,6300,6100
サクラ繊維,2023Q4,BS,営業債務,9900,11600
サクラ繊維,2023Q4,BS,短期借入金,4600,5000
サクラ繊維,2023Q4,BS,その他流動負債,5100,5700
サクラ繊維,2023Q4,BS,長期借入金,6600,8900
サクラ繊維,2023Q4,BS,その他固定負債,2800,3000
サクラ繊維,2023Q4,BS,退職給付引当金,1600,2200
サクラ繊維,2023Q4,BS,純資産合計,79100,79800
サクラ繊維,2023Q4,PL,売上高,,59600
サクラ繊維,2023Q4,PL,営業利益,,1800
サクラ繊維,2023Q4,PL,税引前当期純利益,,1100
サクラ繊維,2023Q4,PL,減価償却費,,2700
サクラ繊維,2023Q4,PL,支払利息,,700
サクラ繊維,2023Q4,PL,法人税等,,400
サクラ繊維,2024Q1,BS,現金及び預金,,29700
サクラ繊維,2024Q1,BS,預け金,,7900
サクラ繊維,2024Q1,BS,営業債権,,15600
サクラ繊維,2024Q1,BS,棚卸資産,,9500
サクラ繊維,2024Q1,BS,その他流動資産,,1600
サクラ繊維,2024Q1,BS,有形固定資産(純額),,48400
サクラ繊維,2024Q1,BS,投資その他の資産,,7500
サクラ繊維,2024Q1,BS,営業債務,,11900
サクラ繊維,2024Q1,BS,短期借入金,,7800
サクラ繊維,2024Q1,BS,その他流動負債,,5100
サクラ繊維,2024Q1,BS,長期借入金,,6700
サクラ繊維,2024Q1,BS,その他固定負債,,2500
サクラ繊維,2024Q1,BS,退職給付引当金,,2400
サクラ繊維,2024Q1,BS,純資産合計,,83800
サクラ繊維,2024Q1,PL,売上高,,59500
サクラ繊維,2024Q1,PL,営業利益,,6400
サクラ繊維,2024Q1,PL,税引前当期純利益,,5900
サクラ繊維,2024Q1,PL,減価償却費,,2200
サクラ繊維,2024Q1,PL,受取利息及び受取配当金,,200
サクラ繊維,2024Q1,PL,支払利息,,900
サクラ繊維,2024Q1,PL,固定資産売却損益(益は+、損は−),,200
サクラ繊維,2024Q1,PL,法人税等,,1900
サクラ繊維,2024Q1,補足,有形固定資産の売却による収入,,3600
サクラ繊維,2024Q2,BS,現金及び預金,,37800
サクラ繊維,2024Q2,BS,預け金,,9100
サクラ繊維,2024Q2,BS,営業債権,,13900
サクラ繊維,2024Q2,BS,棚卸資産,,8300
サクラ繊維,2024Q2,BS,その他流動資産,,1900
サクラ繊維,2024Q2,BS,有形固定資産(純額),,53300
サクラ繊維,2024Q2,BS,投資その他の資産,,6600
サクラ繊維,2024Q2,BS,営業債務,,11300
サクラ繊維,2024Q2,BS,短期借入金,,10000
サクラ繊維,2024Q2,BS,その他流動負債,,6100
サクラ繊維,2024Q2,BS,長期借入金,,9700
サクラ繊維,2024Q2,BS,その他固定負債,,2500
サクラ繊維,2024Q2,BS,退職給付引当金,,2800
サクラ繊維,2024Q2,BS,純資産合計,,88500
サクラ繊維,2024Q2,PL,売上高,,59000
サクラ繊維,2024Q2,PL,営業利益,,6800
サクラ繊維,2024Q2,PL,税引前当期純利益,,6900
サクラ繊維,2024Q2,PL,減価償却費,,5200
サクラ繊維,2024Q2,PL,受取利息及び受取配当金,,200
サクラ繊維,2024Q2,PL,支払利息,,100
サクラ繊維,2024Q2,PL,法人税等,,2200
サクラ繊維,2024Q3,BS,現金及び預金,,44200
サクラ繊維,2024Q3,BS,預け金,,8700
サクラ繊維,2024Q3,BS,営業債権,,14400
サクラ繊維,2024Q3,BS,棚卸資産,,7200
サクラ繊維,2024Q3,BS,その他流動資産,,1700
サクラ繊維,2024Q3,BS,有形固定資産(純額),,56700
サクラ繊維,2024Q3,BS,投資その他の資産,,5700
サクラ繊維,2024Q3,BS,営業債務,,11700
サクラ繊維,2024Q3,BS,短期借入金,,12300
サクラ繊維,2024Q3,BS,その他流動負債,,5200
サクラ繊維,2024Q3,BS,長期借入金,,12800
サクラ繊維,2024Q3,BS,その他固定負債,,2700
サクラ繊維,2024Q3,BS,退職給付引当金,,2500
サクラ繊維,2024Q3,BS,純資産合計,,91400
サクラ繊維,2024Q3,PL,売上高,,59100
サクラ繊維,2024Q3,PL,営業利益,,6700
サクラ繊維,2024Q3,PL,税引前当期純利益,,5900
サクラ繊維,2024Q3,PL,減価償却費,,5800
サクラ繊維,2024Q3,PL,受取利息及び受取配当金,,200
サクラ繊維,2024Q3,PL,支払利息,,1000
サクラ繊維,2024Q3,PL,法人税等,,1900
サクラ繊維,2024Q3,SS,自己株式の取得,,1100
サクラ繊維,2024Q4,BS,現金及び預金,,50400
サクラ繊維,2024Q4,BS,預け金,,7200
サクラ繊維,2024Q4,BS,営業債権,,15900
サクラ繊維,2024Q4,BS,棚卸資産,,6900
サクラ繊維,2024Q4,BS,その他流動資産,,1800
サクラ繊維,2024Q4,BS,有形固定資産(純額),,57900
サクラ繊維,2024Q4,BS,投資その他の資産,,6400
サクラ繊維,2024Q4,BS,営業債務,,13000
サクラ繊維,2024Q4,BS,短期借入金,,14800
サクラ繊維,2024Q4,BS,その他流動負債,,5600
サクラ繊維,2024Q4,BS,長期借入金,,15600
サクラ繊維,2024Q4,BS,その他固定負債,,2600
サクラ繊維,2024Q4,BS,退職給付引当金,,2400
サクラ繊維,2024Q4,BS,純資産合計,,92500
サクラ繊維,2024Q4,PL,売上高,,57300
サクラ繊維,2024Q4,PL,営業利益,,5500
サクラ繊維,2024Q4,PL,税引前当期純利益,,5000
サクラ繊維,2024Q4,PL,減価償却費,,2500
サクラ繊維,2024Q4,PL,受取利息及び受取配当金,,100
サクラ繊維,2024Q4,PL,支払利息,,600
サクラ繊維,2024Q4,PL,法人税等,,1600
サクラ繊維,2024Q4,SS,自己株式の取得,,2300
サクラ繊維,2025Q1,BS,現金及び預金,,48000
サクラ繊維,2025Q1,BS,預け金,,9600
サクラ繊維,2025Q1,BS,営業債権,,17000
サクラ繊維,2025Q1,BS,棚卸資産,,6700
サクラ繊維,2025Q1,BS,その他流動資産,,2200
サクラ繊維,2025Q1,BS,有形固定資産(純額),,56500
サクラ繊維,2025Q1,BS,投資その他の資産,,6800
サクラ繊維,2025Q1,BS,営業債務,,11200
サクラ繊維,2025Q1,BS,短期借入金,,15600
サクラ繊維,2025Q1,BS,その他流動負債,,5200
サクラ繊維,2025Q1,BS,長期借入金,,15400
サクラ繊維,2025Q1,BS,その他固定負債,,2300
サクラ繊維,2025Q1,BS,退職給付引当金,,2200
サクラ繊維,2025Q1,BS,純資産合計,,94900
サクラ繊維,2025Q1,PL,売上高,,57100
サクラ繊維,2025Q1,PL,営業利益,,6100
サクラ繊維,2025Q1,PL,税引前当期純利益,,5300
サクラ繊維,2025Q1,PL,減価償却費,,4200
サクラ繊維,2025Q1,PL,受取利息及び受取配当金,,100
サクラ繊維,2025Q1,PL,支払利息,,900
サクラ繊維,2025Q1,PL,法人税等,,1700
サクラ繊維,2025Q1,SS,剰余金の配当(配当金の支払額),,1200
サクラ繊維,2025Q2,BS,現金及び預金,,50000
サクラ繊維,2025Q2,BS,預け金,,10400
サクラ繊維,2025Q2,BS,営業債権,,14300
サクラ繊維,2025Q2,BS,棚卸資産,,7400
サクラ繊維,2025Q2,BS,その他流動資産,,2000
サクラ繊維,2025Q2,BS,有形固定資産(純額),,61100
サクラ繊維,2025Q2,BS,投資その他の資産,,6900
サクラ繊維,2025Q2,BS,営業債務,,12900
サクラ繊維,2025Q2,BS,短期借入金,,14100
サクラ繊維,2025Q2,BS,その他流動負債,,5100
サクラ繊維,2025Q2,BS,長期借入金,,16600
サクラ繊維,2025Q2,BS,その他固定負債,,2500
サクラ繊維,2025Q2,BS,退職給付引当金,,2700
サクラ繊維,2025Q2,BS,純資産合計,,98200
サクラ繊維,2025Q2,PL,売上高,,57400
サクラ繊維,2025Q2,PL,営業利益,,5600
サクラ繊維,2025Q2,PL,税引前当期純利益,,4800
サクラ繊維,2025Q2,PL,減価償却費,,5500
サクラ繊維,2025Q2,PL,受取利息及び受取配当金,,400
サクラ繊維,2025Q2,PL,支払利息,,800
サクラ繊維,2025Q2,PL,固定資産売却損益(益は+、損は−),,-400
サクラ繊維,2025Q2,PL,法人税等,,1500
サクラ繊維,2025Q2,補足,有形固定資産の売却による収入,,1000
サクラ繊維,2025Q3,BS,現金及び預金,,43900
サクラ繊維,2025Q3,BS,預け金,,11600
サクラ繊維,2025Q3,BS,営業債権,,17100
サクラ繊維,2025Q3,BS,棚卸資産,,7700
サクラ繊維,2025Q3,BS,その他流動資産,,2000
サクラ繊維,2025Q3,BS,有形固定資産(純額),,61500
サクラ繊維,2025Q3,BS,投資その他の資産,,7900
サクラ繊維,2025Q3,BS,営業債務,,14800
サクラ繊維,2025Q3,BS,短期借入金,,15000
サクラ繊維,2025Q3,BS,その他流動負債,,4700
サクラ繊維,2025Q3,BS,長期借入金,,13800
サクラ繊維,2025Q3,BS,その他固定負債,,2800
サクラ繊維,2025Q3,BS,退職給付引当金,,3400
サクラ繊維,2025Q3,BS,純資産合計,,97200
サクラ繊維,2025Q3,PL,売上高,,56300
サクラ繊維,2025Q3,PL,営業利益,,-300
サクラ繊維,2025Q3,PL,税引前当期純利益,,-1000
サクラ繊維,2025Q3,PL,減価償却費,,3600
サクラ繊維,2025Q3,PL,受取利息及び受取配当金,,400
サクラ繊維,2025Q3,PL,支払利息,,1100
サクラ繊維,2025Q4,BS,現金及び預金,,43600
サクラ繊維,2025Q4,BS,預け金,,9300
サクラ繊維,2025Q4,BS,営業債権,,15900
サクラ繊維,2025Q4,BS,棚卸資産,,8800
サクラ繊維,2025Q4,BS,その他流動資産,,2800
サクラ繊維,2025Q4,BS,有形固定資産(純額),,66100
サクラ繊維,2025Q4,BS,投資その他の資産,,8400
サクラ繊維,2025Q4,BS,営業債務,,13500
サクラ繊維,2025Q4,BS,短期借入金,,16000
サクラ繊維,2025Q4,BS,その他流動負債,,4200
サクラ繊維,2025Q4,BS,長期借入金,,16700
サクラ繊維,2025Q4,BS,その他固定負債,,2300
サクラ繊維,2025Q4,BS,退職給付引当金,,3900
サクラ繊維,2025Q4,BS,純資産合計,,98300
サクラ繊維,2025Q4,PL,売上高,,56800
サクラ繊維,2025Q4,PL,営業利益,,2400
サクラ繊維,2025Q4,PL,税引前当期純利益,,1600
サクラ繊維,2025Q4,PL,減価償却費,,4700
サクラ繊維,2025Q4,PL,支払利息,,800
サクラ繊維,2025Q4,PL,法人税等,,500
サクラ繊維,2026Q1,BS,現金及び預金,,49400
サクラ繊維,2026Q1,BS,預け金,,9300
サクラ繊維,2026Q1,BS,営業債権,,14000
サクラ繊維,2026Q1,BS,棚卸資産,,7600
サクラ繊維,2026Q1,BS,その他流動資産,,2500
サクラ繊維,2026Q1,BS,有形固定資産(純額),,64300
サクラ繊維,2026Q1,BS,投資その他の資産,,8400
サクラ繊維,2026Q1,BS,営業債務,,12900
サクラ繊維,2026Q1,BS,短期借入金,,14900
サクラ繊維,2026Q1,BS,その他流動負債,,4600
サクラ繊維,2026Q1,BS,長期借入金,,19600
サクラ繊維,2026Q1,BS,その他固定負債,,2100
サクラ繊維,2026Q1,BS,退職給付引当金,,4200
サクラ繊維,2026Q1,BS,純資産合計,,97200
サクラ繊維,2026Q1,PL,売上高,,54600
サクラ繊維,2026Q1,PL,営業利益,,-400
サクラ繊維,2026Q1,PL,税引前当期純利益,,-1100
サクラ繊維,2026Q1,PL,減価償却費,,1900
サクラ繊維,2026Q1,PL,受取利息及び受取配当金,,300
サクラ繊維,2026Q1,PL,支払利息,,1000
トウヨウ金属,2023Q4,BS,現金及び預金,58800,63500
トウヨウ金属,2023Q4,BS,預け金,40800,27000
トウヨウ金属,2023Q4,BS,営業債権,87600,69600
トウヨウ金属,2023Q4,BS,棚卸資産,39000,43800
トウヨウ金属,2023Q4,BS,その他流動資産,9000,7200
トウヨウ金属,2023Q4,BS,有形固定資産(純額),356400,361200
トウヨウ金属,2023Q4,BS,投資その他の資産,11400,7800
トウヨウ金属,2023Q4,BS,営業債務,103800,90000
トウヨウ金属,2023Q4,BS,短期借入金,28800,19800
トウヨウ金属,2023Q4,BS,その他流動負債,24000,27600
トウヨウ金属,2023Q4,BS,長期借入金,156600,138600
トウヨウ金属,2023Q4,BS,その他固定負債,8400,12000
トウヨウ金属,2023Q4,BS,退職給付引当金,51000,51000
トウヨウ金属,2023Q4,BS,純資産合計,230400,241100
トウヨウ金属,2023Q4,PL,売上高,,279400
トウヨウ金属,2023Q4,PL,営業利益,,17300
トウヨウ金属,2023Q4,PL,税引前当期純利益,,15800
トウヨウ金属,2023Q4,PL,減価償却費,,17400
トウヨウ金属,2023Q4,PL,受取利息及び受取配当金,,1800
トウヨウ金属,2023Q4,PL,支払利息,,3300
トウヨウ金属,2023Q4,PL,法人税等,,5100
トウヨウ金属,2024Q1,BS,現金及び預金,,82600
トウヨウ金属,2024Q1,BS,預け金,,16200
トウヨウ金属,2024Q1,BS,営業債権,,87600
トウヨウ金属,2024Q1,BS,棚卸資産,,36000
トウヨウ金属,2024Q1,BS,その他流動資産,,4800
トウヨウ金属,2024Q1,BS,有形固定資産(純額),,379200
トウヨウ金属,2024Q1,BS,投資その他の資産,,12600
トウヨウ金属,2024Q1,BS,営業債務,,93600
トウヨウ金属,2024Q1,BS,短期借入金,,14400
トウヨウ金属,2024Q1,BS,その他流動負債,,27600
トウヨウ金属,2024Q1,BS,長期借入金,,156600
トウヨウ金属,2024Q1,BS,その他固定負債,,11400
トウヨウ金属,2024Q1,BS,退職給付引当金,,54600
トウヨウ金属,2024Q1,BS,純資産合計,,260800
トウヨウ金属,2024Q1,PL,売上高,,275300
トウヨウ金属,2024Q1,PL,営業利益,,43300
トウヨウ金属,2024Q1,PL,税引前当期純利益,,40000
トウヨウ金属,2024Q1,PL,減価償却費,,18000
トウヨウ金属,2024Q1,PL,受取利息及び受取配当金,,2400
トウヨウ金属,2024Q1,PL,支払利息,,5700
トウヨウ金属,2024Q1,PL,法人税等,,12800
トウヨウ金属,2024Q1,SS,剰余金の配当(配当金の支払額),,7500
トウヨウ金属,2024Q2,BS,現金及び預金,,141200
トウヨウ金属,2024Q2,BS,預け金,,10800
トウヨウ金属,2024Q2,BS,営業債権,,92400
トウヨウ金属,2024Q2,BS,棚卸資産,,36000
トウヨウ金属,2024Q2,BS,その他流動資産,,9600
トウヨウ金属,2024Q2,BS,有形固定資産(純額),,369600
トウヨウ金属,2024Q2,BS,投資その他の資産,,13200
トウヨウ金属,2024Q2,BS,営業債務,,87600
トウヨウ金属,2024Q2,BS,短期借入金,,16200
トウヨウ金属,2024Q2,BS,その他流動負債,,34800
トウヨウ金属,2024Q2,BS,長期借入金,,159000
トウヨウ金属,2024Q2,BS,その他固定負債,,10200
トウヨウ金属,2024Q2,BS,退職給付引当金,,54000
トウヨウ金属,2024Q2,BS,純資産合計,,311000
トウヨウ金属,2024Q2,PL,売上高,,261900
トウヨウ金属,2024Q2,PL,営業利益,,38600
トウヨウ金属,2024Q2,PL,税引前当期純利益,,35900
トウヨウ金属,2024Q2,PL,減価償却費,,15600
トウヨウ金属,2024Q2,PL,受取利息及び受取配当金,,2100
トウヨウ金属,2024Q2,PL,支払利息,,4800
トウヨウ金属,2024Q2,PL,法人税等,,11500
トウヨウ金属,2024Q2,SS,新株の発行(増資),,25800
トウヨウ金属,2024Q3,BS,現金及び預金,,151800
トウヨウ金属,2024Q3,BS,預け金,,0
トウヨウ金属,2024Q3,BS,営業債権,,89400
トウヨウ金属,2024Q3,BS,棚卸資産,,44400
トウヨウ金属,2024Q3,BS,その他流動資産,,14400
トウヨウ金属,2024Q3,BS,有形固定資産(純額),,370200
トウヨウ金属,2024Q3,BS,投資その他の資産,,18600
トウヨウ金属,2024Q3,BS,営業債務,,97800
トウヨウ金属,2024Q3,BS,短期借入金,,10800
トウヨウ金属,2024Q3,BS,その他流動負債,,34200
トウヨウ金属,2024Q3,BS,長期借入金,,140400
トウヨウ金属,2024Q3,BS,その他固定負債,,12000
トウヨウ金属,2024Q3,BS,退職給付引当金,,53400
トウヨウ金属,2024Q3,BS,純資産合計,,340200
トウヨウ金属,2024Q3,PL,売上高,,260400
トウヨウ金属,2024Q3,PL,営業利益,,40600
トウヨウ金属,2024Q3,PL,税引前当期純利益,,43000
トウヨウ金属,2024Q3,PL,減価償却費,,30000
トウヨウ金属,2024Q3,PL,受取利息及び受取配当金,,300
トウヨウ金属,2024Q3,PL,支払利息,,2700
トウヨウ金属,2024Q3,PL,固定資産売却損益(益は+、損は−),,4800
トウヨウ金属,2024Q3,PL,法人税等,,13800
トウヨウ金属,2024Q3,補足,有形固定資産の売却による収入,,3000
トウヨウ金属,2024Q4,BS,現金及び預金,,126900
トウヨウ金属,2024Q4,BS,預け金,,0
トウヨウ金属,2024Q4,BS,営業債権,,90600
トウヨウ金属,2024Q4,BS,棚卸資産,,57600
トウヨウ金属,2024Q4,BS,その他流動資産,,13800
トウヨウ金属,2024Q4,BS,有形固定資産(純額),,370200
トウヨウ金属,2024Q4,BS,投資その他の資産,,23400
トウヨウ金属,2024Q4,BS,営業債務,,95400
トウヨウ金属,2024Q4,BS,短期借入金,,10200
トウヨウ金属,2024Q4,BS,その他流動負債,,34800
トウヨウ金属,2024Q4,BS,長期借入金,,139200
トウヨウ金属,2024Q4,BS,その他固定負債,,10800
トウヨウ金属,2024Q4,BS,退職給付引当金,,54000
トウヨウ金属,2024Q4,BS,純資産合計,,338100
トウヨウ金属,2024Q4,PL,売上高,,251100
トウヨウ金属,2024Q4,PL,営業利益,,2700
トウヨウ金属,2024Q4,PL,税引前当期純利益,,-2100
トウヨウ金属,2024Q4,PL,減価償却費,,18600
トウヨウ金属,2024Q4,PL,受取利息及び受取配当金,,1800
トウヨウ金属,2024Q4,PL,支払利息,,6600
トウヨウ金属,2025Q1,BS,現金及び預金,,69600
トウヨウ金属,2025Q1,BS,預け金,,16200
トウヨウ金属,2025Q1,BS,営業債権,,112800
トウヨウ金属,2025Q1,BS,棚卸資産,,52200
トウヨウ金属,2025Q1,BS,その他流動資産,,17400
トウヨウ金属,2025Q1,BS,有形固定資産(純額),,399000
トウヨウ金属,2025Q1,BS,投資その他の資産,,24600
トウヨウ金属,2025Q1,BS,営業債務,,84600
トウヨウ金属,2025Q1,BS,短期借入金,,0
トウヨウ金属,2025Q1,BS,その他流動負債,,39000
トウヨウ金属,2025Q1,BS,長期借入金,,137400
トウヨウ金属,2025Q1,BS,その他固定負債,,13200
トウヨウ金属,2025Q1,BS,退職給付引当金,,56400
トウヨウ金属,2025Q1,BS,純資産合計,,361200
トウヨウ金属,2025Q1,PL,売上高,,251800
トウヨウ金属,2025Q1,PL,営業利益,,15700
トウヨウ金属,2025Q1,PL,税引前当期純利益,,14500
トウヨウ金属,2025Q1,PL,減価償却費,,35400
トウヨウ金属,2025Q1,PL,受取利息及び受取配当金,,300
トウヨウ金属,2025Q1,PL,支払利息,,5100
トウヨウ金属,2025Q1,PL,固定資産売却損益(益は+、損は−),,3600
トウヨウ金属,2025Q1,PL,法人税等,,4600
トウヨウ金属,2025Q1,補足,有形固定資産の売却による収入,,22200
トウヨウ金属,2025Q1,SS,新株の発行(増資),,13200
トウヨウ金属,2025Q2,BS,現金及び預金,,52500
トウヨウ金属,2025Q2,BS,預け金,,18600
トウヨウ金属,2025Q2,BS,営業債権,,98400
トウヨウ金属,2025Q2,BS,棚卸資産,,49800
トウヨウ金属,2025Q2,BS,その他流動資産,,16800
トウヨウ金属,2025Q2,BS,有形固定資産(純額),,409800
トウヨウ金属,2025Q2,BS,投資その他の資産,,26400
トウヨウ金属,2025Q2,BS,営業債務,,72000
トウヨウ金属,2025Q2,BS,短期借入金,,14400
トウヨウ金属,2025Q2,BS,その他流動負債,,38400
トウヨウ金属,2025Q2,BS,長期借入金,,113400
トウヨウ金属,2025Q2,BS,その他固定負債,,13200
トウヨウ金属,2025Q2,BS,退職給付引当金,,57600
トウヨウ金属,2025Q2,BS,純資産合計,,363300
トウヨウ金属,2025Q2,PL,売上高,,245100
トウヨウ金属,2025Q2,PL,営業利益,,9400
トウヨウ金属,2025Q2,PL,税引前当期純利益,,3100
トウヨウ金属,2025Q2,PL,減価償却費,,25200
トウヨウ金属,2025Q2,PL,受取利息及び受取配当金,,900
トウヨウ金属,2025Q2,PL,支払利息,,4800
トウヨウ金属,2025Q2,PL,固定資産売却損益(益は+、損は−),,-2400
トウヨウ金属,2025Q2,PL,法人税等,,1000
トウヨウ金属,2025Q2,補足,有形固定資産の売却による収入,,4200
トウヨウ金属,2025Q3,BS,現金及び預金,,22400
トウヨウ金属,2025Q3,BS,預け金,,4800
トウヨウ金属,2025Q3,BS,営業債権,,122400
トウヨウ金属,2025Q3,BS,棚卸資産,,64200
トウヨウ金属,2025Q3,BS,その他流動資産,,13800
トウヨウ金属,2025Q3,BS,有形固定資産(純額),,411600
トウヨウ金属,2025Q3,BS,投資その他の資産,,33000
トウヨウ金属,2025Q3,BS,営業債務,,65400
トウヨウ金属,2025Q3,BS,短期借入金,,23400
トウヨウ金属,2025Q3,BS,その他流動負債,,40200
トウヨウ金属,2025Q3,BS,長期借入金,,100200
トウヨウ金属,2025Q3,BS,その他固定負債,,11400
トウヨウ金属,2025Q3,BS,退職給付引当金,,56400
トウヨウ金属,2025Q3,BS,純資産合計,,375200
トウヨウ金属,2025Q3,PL,売上高,,232100
トウヨウ金属,2025Q3,PL,営業利益,,16600
トウヨウ金属,2025Q3,PL,税引前当期純利益,,17500
トウヨウ金属,2025Q3,PL,減価償却費,,23400
トウヨウ金属,2025Q3,PL,受取利息及び受取配当金,,1500
トウヨウ金属,2025Q3,PL,支払利息,,600
トウヨウ金属,2025Q3,PL,法人税等,,5600
トウヨウ金属,2025Q4,BS,現金及び預金,,500
トウヨウ金属,2025Q4,BS,預け金,,16200
トウヨウ金属,2025Q4,BS,営業債権,,140400
トウヨウ金属,2025Q4,BS,棚卸資産,,54000
トウヨウ金属,2025Q4,BS,その他流動資産,,11400
トウヨウ金属,2025Q4,BS,有形固定資産(純額),,428400
トウヨウ金属,2025Q4,BS,投資その他の資産,,28800
トウヨウ金属,2025Q4,BS,営業債務,,55800
トウヨウ金属,2025Q4,BS,短期借入金,,37300
トウヨウ金属,2025Q4,BS,その他流動負債,,36000
トウヨウ金属,2025Q4,BS,長期借入金,,99000
トウヨウ金属,2025Q4,BS,その他固定負債,,10800
トウヨウ金属,2025Q4,BS,退職給付引当金,,57000
トウヨウ金属,2025Q4,BS,純資産合計,,383800
トウヨウ金属,2025Q4,PL,売上高,,228700
トウヨウ金属,2025Q4,PL,営業利益,,10000
トウヨウ金属,2025Q4,PL,税引前当期純利益,,7300
トウヨウ金属,2025Q4,PL,減価償却費,,19200
トウヨウ金属,2025Q4,PL,受取利息及び受取配当金,,2400
トウヨウ金属,2025Q4,PL,支払利息,,3300
トウヨウ金属,2025Q4,PL,固定資産売却損益(益は+、損は−),,-1800
トウヨウ金属,2025Q4,PL,法人税等,,2300
トウヨウ金属,2025Q4,補足,有形固定資産の売却による収入,,14400
トウヨウ金属,2025Q4,SS,自己株式の処分,,3600
トウヨウ金属,2026Q1,BS,現金及び預金,,62500
トウヨウ金属,2026Q1,BS,預け金,,19800
トウヨウ金属,2026Q1,BS,営業債権,,142800
トウヨウ金属,2026Q1,BS,棚卸資産,,42000
トウヨウ金属,2026Q1,BS,その他流動資産,,10800
トウヨウ金属,2026Q1,BS,有形固定資産(純額),,457800
トウヨウ金属,2026Q1,BS,投資その他の資産,,25200
トウヨウ金属,2026Q1,BS,営業債務,,73200
トウヨウ金属,2026Q1,BS,短期借入金,,45100
トウヨウ金属,2026Q1,BS,その他流動負債,,39000
トウヨウ金属,2026Q1,BS,長期借入金,,98400
トウヨウ金属,2026Q1,BS,その他固定負債,,7800
トウヨウ金属,2026Q1,BS,退職給付引当金,,58800
トウヨウ金属,2026Q1,BS,純資産合計,,438600
トウヨウ金属,2026Q1,PL,売上高,,226100
トウヨウ金属,2026Q1,PL,営業利益,,34800
トウヨウ金属,2026Q1,PL,税引前当期純利益,,37800
トウヨウ金属,2026Q1,PL,減価償却費,,24600
トウヨウ金属,2026Q1,PL,受取利息及び受取配当金,,2400
トウヨウ金属,2026Q1,PL,支払利息,,2100
トウヨウ金属,2026Q1,PL,固定資産売却損益(益は+、損は−),,2700
トウヨウ金属,2026Q1,PL,法人税等,,12100
トウヨウ金属,2026Q1,補足,有形固定資産の売却による収入,,10800
トウヨウ金属,2026Q1,SS,新株の発行(増資),,34800
トウヨウ金属,2026Q1,SS,剰余金の配当(配当金の支払額),,5700
ユニバース情報,2023Q4,BS,現金及び預金,7600,8500
ユニバース情報,2023Q4,BS,預け金,6700,8500
ユニバース情報,2023Q4,BS,営業債権,11800,11200
ユニバース情報,2023Q4,BS,棚卸資産,5800,5500
ユニバース情報,2023Q4,BS,その他流動資産,1100,1400
ユニバース情報,2023Q4,BS,有形固定資産(純額),45200,48300
ユニバース情報,2023Q4,BS,投資その他の資産,1200,600
ユニバース情報,2023Q4,BS,営業債務,7300,8500
ユニバース情報,2023Q4,BS,短期借入金,7900,7600
ユニバース情報,2023Q4,BS,その他流動負債,1800,2800
ユニバース情報,2023Q4,BS,長期借入金,12800,12400
ユニバース情報,2023Q4,BS,その他固定負債,5200,5900
ユニバース情報,2023Q4,BS,退職給付引当金,3100,3900
ユニバース情報,2023Q4,BS,純資産合計,41300,42900
ユニバース情報,2023Q4,PL,売上高,,38000
ユニバース情報,2023Q4,PL,営業利益,,2100
ユニバース情報,2023Q4,PL,税引前当期純利益,,2300
ユニバース情報,2023Q4,PL,減価償却費,,5000
ユニバース情報,2023Q4,PL,受取利息及び受取配当金,,200
ユニバース情報,2023Q4,PL,支払利息,,700
ユニバース情報,2023Q4,PL,固定資産売却損益(益は+、損は−),,700
ユニバース情報,2023Q4,PL,法人税等,,700
ユニバース情報,2023Q4,補足,有形固定資産の売却による収入,,1700
ユニバース情報,2024Q1,BS,現金及び預金,,7100
ユニバース情報,2024Q1,BS,預け金,,7300
ユニバース情報,2024Q1,BS,営業債権,,13500
ユニバース情報,2024Q1,BS,棚卸資産,,7000
ユニバース情報,2024Q1,BS,その他流動資産,,2000
ユニバース情報,2024Q1,BS,有形固定資産(純額),,48000
ユニバース情報,2024Q1,BS,投資その他の資産,,400
ユニバース情報,2024Q1,BS,営業債務,,7800
ユニバース情報,2024Q1,BS,短期借入金,,10500
ユニバース情報,2024Q1,BS,その他流動負債,,2900
ユニバース情報,2024Q1,BS,長期借入金,,9700
ユニバース情報,2024Q1,BS,その他固定負債,,5800
ユニバース情報,2024Q1,BS,退職給付引当金,,4700
ユニバース情報,2024Q1,BS,純資産合計,,43900
ユニバース情報,2024Q1,PL,売上高,,38700
ユニバース情報,2024Q1,PL,営業利益,,1600
ユニバース情報,2024Q1,PL,税引前当期純利益,,1500
ユニバース情報,2024Q1,PL,減価償却費,,4200
ユニバース情報,2024Q1,PL,受取利息及び受取配当金,,100
ユニバース情報,2024Q1,PL,支払利息,,200
ユニバース情報,2024Q1,PL,法人税等,,500
ユニバース情報,2024Q2,BS,現金及び預金,,8700
ユニバース情報,2024Q2,BS,預け金,,10000
ユニバース情報,2024Q2,BS,営業債権,,13100
ユニバース情報,2024Q2,BS,棚卸資産,,9100
ユニバース情報,2024Q2,BS,その他流動資産,,1700
ユニバース情報,2024Q2,BS,有形固定資産(純額),,46300
ユニバース情報,2024Q2,BS,投資その他の資産,,1100
ユニバース情報,2024Q2,BS,営業債務,,8600
ユニバース情報,2024Q2,BS,短期借入金,,11900
ユニバース情報,2024Q2,BS,その他流動負債,,3200
ユニバース情報,2024Q2,BS,長期借入金,,11000
ユニバース情報,2024Q2,BS,その他固定負債,,5200
ユニバース情報,2024Q2,BS,退職給付引当金,,4600
ユニバース情報,2024Q2,BS,純資産合計,,45500
ユニバース情報,2024Q2,PL,売上高,,39900
ユニバース情報,2024Q2,PL,営業利益,,2700
ユニバース情報,2024Q2,PL,税引前当期純利益,,2400
ユニバース情報,2024Q2,PL,減価償却費,,3600
ユニバース情報,2024Q2,PL,受取利息及び受取配当金,,300
ユニバース情報,2024Q2,PL,支払利息,,600
ユニバース情報,2024Q2,PL,法人税等,,800
ユニバース情報,2024Q3,BS,現金及び預金,,8900
ユニバース情報,2024Q3,BS,預け金,,9200
ユニバース情報,2024Q3,BS,営業債権,,11700
ユニバース情報,2024Q3,BS,棚卸資産,,9400
ユニバース情報,2024Q3,BS,その他流動資産,,1900
ユニバース情報,2024Q3,BS,有形固定資産(純額),,49600
ユニバース情報,2024Q3,BS,投資その他の資産,,1300
ユニバース情報,2024Q3,BS,営業債務,,9200
ユニバース情報,2024Q3,BS,短期借入金,,14100
ユニバース情報,2024Q3,BS,その他流動負債,,4300
ユニバース情報,2024Q3,BS,長期借入金,,10300
ユニバース情報,2024Q3,BS,その他固定負債,,4600
ユニバース情報,2024Q3,BS,退職給付引当金,,4600
ユニバース情報,2024Q3,BS,純資産合計,,44900
ユニバース情報,2024Q3,PL,売上高,,40400
ユニバース情報,2024Q3,PL,営業利益,,3600
ユニバース情報,2024Q3,PL,税引前当期純利益,,3200
ユニバース情報,2024Q3,PL,減価償却費,,4200
ユニバース情報,2024Q3,PL,受取利息及び受取配当金,,300
ユニバース情報,2024Q3,PL,支払利息,,700
ユニバース情報,2024Q3,PL,法人税等,,1000
ユニバース情報,2024Q3,SS,剰余金の配当(配当金の支払額),,600
ユニバース情報,2024Q3,SS,自己株式の取得,,2200
ユニバース情報,2024Q4,BS,現金及び預金,,12500
ユニバース情報,2024Q4,BS,預け金,,7800
ユニバース情報,2024Q4,BS,営業債権,,8800
ユニバース情報,2024Q4,BS,棚卸資産,,9300
ユニバース情報,2024Q4,BS,その他流動資産,,1600
ユニバース情報,2024Q4,BS,有形固定資産(純額),,50100
ユニバース情報,2024Q4,BS,投資その他の資産,,300
ユニバース情報,2024Q4,BS,営業債務,,9100
ユニバース情報,2024Q4,BS,短期借入金,,13200
ユニバース情報,2024Q4,BS,その他流動負債,,3600
ユニバース情報,2024Q4,BS,長期借入金,,7700
ユニバース情報,2024Q4,BS,その他固定負債,,5100
ユニバース情報,2024Q4,BS,退職給付引当金,,4800
ユニバース情報,2024Q4,BS,純資産合計,,46900
ユニバース情報,2024Q4,PL,売上高,,41300
ユニバース情報,2024Q4,PL,営業利益,,3200
ユニバース情報,2024Q4,PL,税引前当期純利益,,2900
ユニバース情報,2024Q4,PL,減価償却費,,4700
ユニバース情報,2024Q4,PL,受取利息及び受取配当金,,100
ユニバース情報,2024Q4,PL,支払利息,,400
ユニバース情報,2024Q4,PL,法人税等,,900
ユニバース情報,2025Q1,BS,現金及び預金,,13100
ユニバース情報,2025Q1,BS,預け金,,9100
ユニバース情報,2025Q1,BS,営業債権,,8000
ユニバース情報,2025Q1,BS,棚卸資産,,11000
ユニバース情報,2025Q1,BS,その他流動資産,,1500
ユニバース情報,2025Q1,BS,有形固定資産(純額),,51300
ユニバース情報,2025Q1,BS,投資その他の資産,,900
ユニバース情報,2025Q1,BS,営業債務,,8000
ユニバース情報,2025Q1,BS,短期借入金,,13000
ユニバース情報,2025Q1,BS,その他流動負債,,3000
ユニバース情報,2025Q1,BS,長期借入金,,10700
ユニバース情報,2025Q1,BS,その他固定負債,,5700
ユニバース情報,2025Q1,BS,退職給付引当金,,5200
ユニバース情報,2025Q1,BS,純資産合計,,49300
ユニバース情報,2025Q1,PL,売上高,,42300
ユニバース情報,2025Q1,PL,営業利益,,5300
ユニバース情報,2025Q1,PL,税引前当期純利益,,5300
ユニバース情報,2025Q1,PL,減価償却費,,1800
ユニバース情報,2025Q1,PL,受取利息及び受取配当金,,300
ユニバース情報,2025Q1,PL,支払利息,,300
ユニバース情報,2025Q1,PL,法人税等,,1700
ユニバース情報,2025Q1,SS,剰余金の配当(配当金の支払額),,1200
ユニバース情報,2025Q2,BS,現金及び預金,,13300
ユニバース情報,2025Q2,BS,預け金,,7000
ユニバース情報,2025Q2,BS,営業債権,,7800
ユニバース情報,2025Q2,BS,棚卸資産,,9700
ユニバース情報,2025Q2,BS,その他流動資産,,2200
ユニバース情報,2025Q2,BS,有形固定資産(純額),,55900
ユニバース情報,2025Q2,BS,投資その他の資産,,2200
ユニバース情報,2025Q2,BS,営業債務,,10300
ユニバース情報,2025Q2,BS,短期借入金,,12300
ユニバース情報,2025Q2,BS,その他流動負債,,3300
ユニバース情報,2025Q2,BS,長期借入金,,10100
ユニバース情報,2025Q2,BS,その他固定負債,,5500
ユニバース情報,2025Q2,BS,退職給付引当金,,5300
ユニバース情報,2025Q2,BS,純資産合計,,51300
ユニバース情報,2025Q2,PL,売上高,,44300
ユニバース情報,2025Q2,PL,営業利益,,3200
ユニバース情報,2025Q2,PL,税引前当期純利益,,2900
ユニバース情報,2025Q2,PL,減価償却費,,5500
ユニバース情報,2025Q2,PL,受取利息及び受取配当金,,200
ユニバース情報,2025Q2,PL,支払利息,,500
ユニバース情報,2025Q2,PL,法人税等,,900
ユニバース情報,2025Q3,BS,現金及び預金,,3000
ユニバース情報,2025Q3,BS,預け金,,6400
ユニバース情報,2025Q3,BS,営業債権,,11000
ユニバース情報,2025Q3,BS,棚卸資産,,11300
ユニバース情報,2025Q3,BS,その他流動資産,,2200
ユニバース情報,2025Q3,BS,有形固定資産(純額),,60400
ユニバース情報,2025Q3,BS,投資その他の資産,,3300
ユニバース情報,2025Q3,BS,営業債務,,9400
ユニバース情報,2025Q3,BS,短期借入金,,12100
ユニバース情報,2025Q3,BS,その他流動負債,,4100
ユニバース情報,2025Q3,BS,長期借入金,,9700
ユニバース情報,2025Q3,BS,その他固定負債,,5500
ユニバース情報,2025Q3,BS,退職給付引当金,,5800
ユニバース情報,2025Q3,BS,純資産合計,,51000
ユニバース情報,2025Q3,PL,売上高,,46900
ユニバース情報,2025Q3,PL,営業利益,,700
ユニバース情報,2025Q3,PL,税引前当期純利益,,-300
ユニバース情報,2025Q3,PL,減価償却費,,3600
ユニバース情報,2025Q3,PL,受取利息及び受取配当金,,200
ユニバース情報,2025Q3,PL,支払利息,,1200
ユニバース情報,2025Q4,BS,現金及び預金,,19900
ユニバース情報,2025Q4,BS,預け金,,4400
ユニバース情報,2025Q4,BS,営業債権,,9300
ユニバース情報,2025Q4,BS,棚卸資産,,9800
ユニバース情報,2025Q4,BS,その他流動資産,,2800
ユニバース情報,2025Q4,BS,有形固定資産(純額),,60300
ユニバース情報,2025Q4,BS,投資その他の資産,,3000
ユニバース情報,2025Q4,BS,営業債務,,12200
ユニバース情報,2025Q4,BS,短期借入金,,13700
ユニバース情報,2025Q4,BS,その他流動負債,,5200
ユニバース情報,2025Q4,BS,長期借入金,,10900
ユニバース情報,2025Q4,BS,その他固定負債,,5800
ユニバース情報,2025Q4,BS,退職給付引当金,,6600
ユニバース情報,2025Q4,BS,純資産合計,,55100
ユニバース情報,2025Q4,PL,売上高,,47300
ユニバース情報,2025Q4,PL,営業利益,,6900
ユニバース情報,2025Q4,PL,税引前当期純利益,,6000
ユニバース情報,2025Q4,PL,減価償却費,,2200
ユニバース情報,2025Q4,PL,受取利息及び受取配当金,,200
ユニバース情報,2025Q4,PL,支払利息,,1100
ユニバース情報,2025Q4,PL,法人税等,,1900
ユニバース情報,2026Q1,BS,現金及び預金,,8000
ユニバース情報,2026Q1,BS,預け金,,7300
ユニバース情報,2026Q1,BS,営業債権,,11600
ユニバース情報,2026Q1,BS,棚卸資産,,11900
ユニバース情報,2026Q1,BS,その他流動資産,,2800
ユニバース情報,2026Q1,BS,有形固定資産(純額),,62900
ユニバース情報,2026Q1,BS,投資その他の資産,,3000
ユニバース情報,2026Q1,BS,営業債務,,10300
ユニバース情報,2026Q1,BS,短期借入金,,10700
ユニバース情報,2026Q1,BS,その他流動負債,,4800
ユニバース情報,2026Q1,BS,長期借入金,,13500
ユニバース情報,2026Q1,BS,その他固定負債,,5500
ユニバース情報,2026Q1,BS,退職給付引当金,,6800
ユニバース情報,2026Q1,BS,純資産合計,,55900
ユニバース情報,2026Q1,PL,売上高,,48900
ユニバース情報,2026Q1,PL,営業利益,,1300
ユニバース情報,2026Q1,PL,税引前当期純利益,,1800
ユニバース情報,2026Q1,PL,減価償却費,,3200
ユニバース情報,2026Q1,PL,受取利息及び受取配当金,,200
ユニバース情報,2026Q1,PL,支払利息,,200
ユニバース情報,2026Q1,PL,固定資産売却損益(益は+、損は−),,500
ユニバース情報,2026Q1,PL,法人税等,,600
ユニバース情報,2026Q1,補足,有形固定資産の売却による収入,,3000
ユニバース情報,2026Q1,SS,剰余金の配当(配当金の支払額),,400
ヴェルデ農産,2023Q4,BS,現金及び預金,31500,15500
ヴェルデ農産,2023Q4,BS,預け金,16300,20600
ヴェルデ農産,2023Q4,BS,営業債権,61000,66000
ヴェルデ農産,2023Q4,BS,棚卸資産,26500,27000
ヴェルデ農産,2023Q4,BS,その他流動資産,4300,4100
ヴェルデ農産,2023Q4,BS,有形固定資産(純額),129300,135600
ヴェルデ農産,2023Q4,BS,投資その他の資産,13300,16800
ヴェルデ農産,2023Q4,BS,営業債務,30800,36600
ヴェルデ農産,2023Q4,BS,短期借入金,4500,0
ヴェルデ農産,2023Q4,BS,その他流動負債,11000,10800
ヴェルデ農産,2023Q4,BS,長期借入金,71300,67300
ヴェルデ農産,2023Q4,BS,その他固定負債,4300,2800
ヴェルデ農産,2023Q4,BS,退職給付引当金,10800,12300
ヴェルデ農産,2023Q4,BS,純資産合計,149500,155800
ヴェルデ農産,2023Q4,PL,売上高,,106200
ヴェルデ農産,2023Q4,PL,営業利益,,10700
ヴェルデ農産,2023Q4,PL,税引前当期純利益,,9200
ヴェルデ農産,2023Q4,PL,減価償却費,,14300
ヴェルデ農産,2023Q4,PL,受取利息及び受取配当金,,400
ヴェルデ農産,2023Q4,PL,支払利息,,1900
ヴェルデ農産,2023Q4,PL,法人税等,,2900
ヴェルデ農産,2024Q1,BS,現金及び預金,,18200
ヴェルデ農産,2024Q1,BS,預け金,,25900
ヴェルデ農産,2024Q1,BS,営業債権,,64000
ヴェルデ農産,2024Q1,BS,棚卸資産,,27300
ヴェルデ農産,2024Q1,BS,その他流動資産,,5900
ヴェルデ農産,2024Q1,BS,有形固定資産(純額),,137100
ヴェルデ農産,2024Q1,BS,投資その他の資産,,15600
ヴェルデ農産,2024Q1,BS,営業債務,,31600
ヴェルデ農産,2024Q1,BS,短期借入金,,5800
ヴェルデ農産,2024Q1,BS,その他流動負債,,12600
ヴェルデ農産,2024Q1,BS,長期借入金,,64800
ヴェルデ農産,2024Q1,BS,その他固定負債,,2100
ヴェルデ農産,2024Q1,BS,退職給付引当金,,12800
ヴェルデ農産,2024Q1,BS,純資産合計,,164300
ヴェルデ農産,2024Q1,PL,売上高,,110700
ヴェルデ農産,2024Q1,PL,営業利益,,12900
ヴェルデ農産,2024Q1,PL,税引前当期純利益,,12500
ヴェルデ農産,2024Q1,PL,減価償却費,,9000
ヴェルデ農産,2024Q1,PL,受取利息及び受取配当金,,600
ヴェルデ農産,2024Q1,PL,支払利息,,1000
ヴェルデ農産,2024Q1,PL,法人税等,,4000
ヴェルデ農産,2024Q2,BS,現金及び預金,,31000
ヴェルデ農産,2024Q2,BS,預け金,,20900
ヴェルデ農産,2024Q2,BS,営業債権,,60300
ヴェルデ農産,2024Q2,BS,棚卸資産,,25300
ヴェルデ農産,2024Q2,BS,その他流動資産,,5700
ヴェルデ農産,2024Q2,BS,有形固定資産(純額),,145900
ヴェルデ農産,2024Q2,BS,投資その他の資産,,14400
ヴェルデ農産,2024Q2,BS,営業債務,,32600
ヴェルデ農産,2024Q2,BS,短期借入金,,3300
ヴェルデ農産,2024Q2,BS,その他流動負債,,12100
ヴェルデ農産,2024Q2,BS,長期借入金,,73300
ヴェルデ農産,2024Q2,BS,その他固定負債,,1100
ヴェルデ農産,2024Q2,BS,退職給付引当金,,14600
ヴェルデ農産,2024Q2,BS,純資産合計,,166500
ヴェルデ農産,2024Q2,PL,売上高,,112300
ヴェルデ農産,2024Q2,PL,営業利益,,5000
ヴェルデ農産,2024Q2,PL,税引前当期純利益,,3200
ヴェルデ農産,2024Q2,PL,減価償却費,,12500
ヴェルデ農産,2024Q2,PL,受取利息及び受取配当金,,500
ヴェルデ農産,2024Q2,PL,支払利息,,2300
ヴェルデ農産,2024Q2,PL,法人税等,,1000
ヴェルデ農産,2024Q3,BS,現金及び預金,,24600
ヴェルデ農産,2024Q3,BS,預け金,,24200
ヴェルデ農産,2024Q3,BS,営業債権,,69800
ヴェルデ農産,2024Q3,BS,棚卸資産,,27100
ヴェルデ農産,2024Q3,BS,その他流動資産,,4500
ヴェルデ農産,2024Q3,BS,有形固定資産(純額),,152200
ヴェルデ農産,2024Q3,BS,投資その他の資産,,17400
ヴェルデ農産,2024Q3,BS,営業債務,,36400
ヴェルデ農産,2024Q3,BS,短期借入金,,6100
ヴェルデ農産,2024Q3,BS,その他流動負債,,14100
ヴェルデ農産,2024Q3,BS,長期借入金,,81800
ヴェルデ農産,2024Q3,BS,その他固定負債,,0
ヴェルデ農産,2024Q3,BS,退職給付引当金,,13900
ヴェルデ農産,2024Q3,BS,純資産合計,,167500
ヴェルデ農産,2024Q3,PL,売上高,,118900
ヴェルデ農産,2024Q3,PL,営業利益,,5100
ヴェルデ農産,2024Q3,PL,税引前当期純利益,,2600
ヴェルデ農産,2024Q3,PL,減価償却費,,6500
ヴェルデ農産,2024Q3,PL,受取利息及び受取配当金,,800
ヴェルデ農産,2024Q3,PL,支払利息,,2300
ヴェルデ農産,2024Q3,PL,固定資産売却損益(益は+、損は−),,-1000
ヴェルデ農産,2024Q3,PL,法人税等,,800
ヴェルデ農産,2024Q3,補足,有形固定資産の売却による収入,,3800
ヴェルデ農産,2024Q3,SS,剰余金の配当(配当金の支払額),,800
ヴェルデ農産,2024Q4,BS,現金及び預金,,3900
ヴェルデ農産,2024Q4,BS,預け金,,18500
ヴェルデ農産,2024Q4,BS,営業債権,,78100
ヴェルデ農産,2024Q4,BS,棚卸資産,,31400
ヴェルデ農産,2024Q4,BS,その他流動資産,,4800
ヴェルデ農産,2024Q4,BS,有形固定資産(純額),,163500
ヴェルデ農産,2024Q4,BS,投資その他の資産,,17700
ヴェルデ農産,2024Q4,BS,営業債務,,30400
ヴェルデ農産,2024Q4,BS,短期借入金,,3100
ヴェルデ農産,2024Q4,BS,その他流動負債,,12100
ヴェルデ農産,2024Q4,BS,長期借入金,,80100
ヴェルデ農産,2024Q4,BS,その他固定負債,,0
ヴェルデ農産,2024Q4,BS,退職給付引当金,,14400
ヴェルデ農産,2024Q4,BS,純資産合計,,177800
ヴェルデ農産,2024Q4,PL,売上高,,123000
ヴェルデ農産,2024Q4,PL,営業利益,,14600
ヴェルデ農産,2024Q4,PL,税引前当期純利益,,15100
ヴェルデ農産,2024Q4,PL,減価償却費,,5500
ヴェルデ農産,2024Q4,PL,受取利息及び受取配当金,,1000
ヴェルデ農産,2024Q4,PL,支払利息,,500
ヴェルデ農産,2024Q4,PL,法人税等,,4800
ヴェルデ農産,2025Q1,BS,現金及び預金,,1200
ヴェルデ農産,2025Q1,BS,預け金,,24300
ヴェルデ農産,2025Q1,BS,営業債権,,80900
ヴェルデ農産,2025Q1,BS,棚卸資産,,29900
ヴェルデ農産,2025Q1,BS,その他流動資産,,4600
ヴェルデ農産,2025Q1,BS,有形固定資産(純額),,162500
ヴェルデ農産,2025Q1,BS,投資その他の資産,,15500
ヴェルデ農産,2025Q1,BS,営業債務,,26700
ヴェルデ農産,2025Q1,BS,短期借入金,,5100
ヴェルデ農産,2025Q1,BS,その他流動負債,,13100
ヴェルデ農産,2025Q1,BS,長期借入金,,84400
ヴェルデ農産,2025Q1,BS,その他固定負債,,0
ヴェルデ農産,2025Q1,BS,退職給付引当金,,14900
ヴェルデ農産,2025Q1,BS,純資産合計,,174700
ヴェルデ農産,2025Q1,PL,売上高,,125300
ヴェルデ農産,2025Q1,PL,営業利益,,-2200
ヴェルデ農産,2025Q1,PL,税引前当期純利益,,-3100
ヴェルデ農産,2025Q1,PL,減価償却費,,4500
ヴェルデ農産,2025Q1,PL,受取利息及び受取配当金,,600
ヴェルデ農産,2025Q1,PL,支払利息,,1500
ヴェルデ農産,2025Q2,BS,現金及び預金,,2600
ヴェルデ農産,2025Q2,BS,預け金,,21800
ヴェルデ農産,2025Q2,BS,営業債権,,74900
ヴェルデ農産,2025Q2,BS,棚卸資産,,33400
ヴェルデ農産,2025Q2,BS,その他流動資産,,5900
ヴェルデ農産,2025Q2,BS,有形固定資産(純額),,173300
ヴェルデ農産,2025Q2,BS,投資その他の資産,,17000
ヴェルデ農産,2025Q2,BS,営業債務,,20500
ヴェルデ農産,2025Q2,BS,短期借入金,,9900
ヴェルデ農産,2025Q2,BS,その他流動負債,,15600
ヴェルデ農産,2025Q2,BS,長期借入金,,75900
ヴェルデ農産,2025Q2,BS,その他固定負債,,1800
ヴェルデ農産,2025Q2,BS,退職給付引当金,,14200
ヴェルデ農産,2025Q2,BS,純資産合計,,191000
ヴェルデ農産,2025Q2,PL,売上高,,132400
ヴェルデ農産,2025Q2,PL,営業利益,,4700
ヴェルデ農産,2025Q2,PL,税引前当期純利益,,3000
ヴェルデ農産,2025Q2,PL,減価償却費,,14000
ヴェルデ農産,2025Q2,PL,受取利息及び受取配当金,,400
ヴェルデ農産,2025Q2,PL,支払利息,,2100
ヴェルデ農産,2025Q2,PL,法人税等,,1000
ヴェルデ農産,2025Q2,SS,新株の発行(増資),,14300
ヴェルデ農産,2025Q3,BS,現金及び預金,,12200
ヴェルデ農産,2025Q3,BS,預け金,,18800
ヴェルデ農産,2025Q3,BS,営業債権,,69700
ヴェルデ農産,2025Q3,BS,棚卸資産,,30700
ヴェルデ農産,2025Q3,BS,その他流動資産,,7900
ヴェルデ農産,2025Q3,BS,有形固定資産(純額),,180600
ヴェルデ農産,2025Q3,BS,投資その他の資産,,15300
ヴェルデ農産,2025Q3,BS,営業債務,,25800
ヴェルデ農産,2025Q3,BS,短期借入金,,16400
ヴェルデ農産,2025Q3,BS,その他流動負債,,14600
ヴェルデ農産,2025Q3,BS,長期借入金,,67200
ヴェルデ農産,2025Q3,BS,その他固定負債,,800
ヴェルデ農産,2025Q3,BS,退職給付引当金,,14000
ヴェルデ農産,2025Q3,BS,純資産合計,,196400
ヴェルデ農産,2025Q3,PL,売上高,,134300
ヴェルデ農産,2025Q3,PL,営業利益,,12300
ヴェルデ農産,2025Q3,PL,税引前当期純利益,,10200
ヴェルデ農産,2025Q3,PL,減価償却費,,14300
ヴェルデ農産,2025Q3,PL,受取利息及び受取配当金,,800
ヴェルデ農産,2025Q3,PL,支払利息,,2900
ヴェルデ農産,2025Q3,PL,法人税等,,3300
ヴェルデ農産,2025Q3,SS,剰余金の配当(配当金の支払額),,1500
ヴェルデ農産,2025Q4,BS,現金及び預金,,18000
ヴェルデ農産,2025Q4,BS,預け金,,16600
ヴェルデ農産,2025Q4,BS,営業債権,,64500
ヴェルデ農産,2025Q4,BS,棚卸資産,,35000
ヴェルデ農産,2025Q4,BS,その他流動資産,,9700
ヴェルデ農産,2025Q4,BS,有形固定資産(純額),,176100
ヴェルデ農産,2025Q4,BS,投資その他の資産,,18100
ヴェルデ農産,2025Q4,BS,営業債務,,26300
ヴェルデ農産,2025Q4,BS,短期借入金,,9400
ヴェルデ農産,2025Q4,BS,その他流動負債,,13400
ヴェルデ農産,2025Q4,BS,長期借入金,,62500
ヴェルデ農産,2025Q4,BS,その他固定負債,,2300
ヴェルデ農産,2025Q4,BS,退職給付引当金,,15000
ヴェルデ農産,2025Q4,BS,純資産合計,,209100
ヴェルデ農産,2025Q4,PL,売上高,,140500
ヴェルデ農産,2025Q4,PL,営業利益,,21200
ヴェルデ農産,2025Q4,PL,税引前当期純利益,,18700
ヴェルデ農産,2025Q4,PL,減価償却費,,4500
ヴェルデ農産,2025Q4,PL,受取利息及び受取配当金,,500
ヴェルデ農産,2025Q4,PL,支払利息,,2600
ヴェルデ農産,2025Q4,PL,固定資産売却損益(益は+、損は−),,-400
ヴェルデ農産,2025Q4,PL,法人税等,,6000
ヴェルデ農産,2025Q4,補足,有形固定資産の売却による収入,,1500
ヴェルデ農産,2026Q1,BS,現金及び預金,,500
ヴェルデ農産,2026Q1,BS,預け金,,20400
ヴェルデ農産,2026Q1,BS,営業債権,,73500
ヴェルデ農産,2026Q1,BS,棚卸資産,,40800
ヴェルデ農産,2026Q1,BS,その他流動資産,,11200
ヴェルデ農産,2026Q1,BS,有形固定資産(純額),,187400
ヴェルデ農産,2026Q1,BS,投資その他の資産,,15900
ヴェルデ農産,2026Q1,BS,営業債務,,33300
ヴェルデ農産,2026Q1,BS,短期借入金,,15900
ヴェルデ農産,2026Q1,BS,その他流動負債,,16400
ヴェルデ農産,2026Q1,BS,長期借入金,,62300
ヴェルデ農産,2026Q1,BS,その他固定負債,,4100
ヴェルデ農産,2026Q1,BS,退職給付引当金,,14800
ヴェルデ農産,2026Q1,BS,純資産合計,,202900
ヴェルデ農産,2026Q1,PL,売上高,,143100
ヴェルデ農産,2026Q1,PL,営業利益,,-2400
ヴェルデ農産,2026Q1,PL,税引前当期純利益,,-6200
ヴェルデ農産,2026Q1,PL,減価償却費,,7500
ヴェルデ農産,2026Q1,PL,支払利息,,2900
ヴェルデ農産,2026Q1,PL,固定資産売却損益(益は+、損は−),,-900
ヴェルデ農産,2026Q1,補足,有形固定資産の売却による収入,,7500
ワカバ製薬,2023Q4,BS,現金及び預金,12700,12700
ワカバ製薬,2023Q4,BS,預け金,2900,3800
ワカバ製薬,2023Q4,BS,営業債権,22700,25100
ワカバ製薬,2023Q4,BS,棚卸資産,5600,6900
ワカバ製薬,2023Q4,BS,その他流動資産,2800,2400
ワカバ製薬,2023Q4,BS,有形固定資産(純額),28800,28200
ワカバ製薬,2023Q4,BS,投資その他の資産,3800,3400
ワカバ製薬,2023Q4,BS,営業債務,10100,10800
ワカバ製薬,2023Q4,BS,短期借入金,2300,0
ワカバ製薬,2023Q4,BS,その他流動負債,2800,3800
ワカバ製薬,2023Q4,BS,長期借入金,26500,26300
ワカバ製薬,2023Q4,BS,その他固定負債,5800,6000
ワカバ製薬,2023Q4,BS,退職給付引当金,5900,6600
ワカバ製薬,2023Q4,BS,純資産合計,25900,29000
ワカバ製薬,2023Q4,PL,売上高,,53300
ワカバ製薬,2023Q4,PL,営業利益,,6700
ワカバ製薬,2023Q4,PL,税引前当期純利益,,6700
ワカバ製薬,2023Q4,PL,減価償却費,,4700
ワカバ製薬,2023Q4,PL,受取利息及び受取配当金,,200
ワカバ製薬,2023Q4,PL,支払利息,,200
ワカバ製薬,2023Q4,PL,法人税等,,2100
ワカバ製薬,2023Q4,SS,自己株式の取得,,1500
ワカバ製薬,2024Q1,BS,現金及び預金,,12000
ワカバ製薬,2024Q1,BS,預け金,,2700
ワカバ製薬,2024Q1,BS,営業債権,,24600
ワカバ製薬,2024Q1,BS,棚卸資産,,5800
ワカバ製薬,2024Q1,BS,その他流動資産,,2600
ワカバ製薬,2024Q1,BS,有形固定資産(純額),,31300
ワカバ製薬,2024Q1,BS,投資その他の資産,,3100
ワカバ製薬,2024Q1,BS,営業債務,,12000
ワカバ製薬,2024Q1,BS,短期借入金,,0
ワカバ製薬,2024Q1,BS,その他流動負債,,4900
ワカバ製薬,2024Q1,BS,長期借入金,,22400
ワカバ製薬,2024Q1,BS,その他固定負債,,5700
ワカバ製薬,2024Q1,BS,退職給付引当金,,7000
ワカバ製薬,2024Q1,BS,純資産合計,,30100
ワカバ製薬,2024Q1,PL,売上高,,52100
ワカバ製薬,2024Q1,PL,営業利益,,-900
ワカバ製薬,2024Q1,PL,税引前当期純利益,,-300
ワカバ製薬,2024Q1,PL,減価償却費,,4900
ワカバ製薬,2024Q1,PL,受取利息及び受取配当金,,300
ワカバ製薬,2024Q1,PL,支払利息,,300
ワカバ製薬,2024Q1,PL,固定資産売却損益(益は+、損は−),,600
ワカバ製薬,2024Q1,補足,有形固定資産の売却による収入,,2300
ワカバ製薬,2024Q1,SS,自己株式の処分,,1400
ワカバ製薬,2024Q2,BS,現金及び預金,,14300
ワカバ製薬,2024Q2,BS,預け金,,2700
ワカバ製薬,2024Q2,BS,営業債権,,23200
ワカバ製薬,2024Q2,BS,棚卸資産,,7800
ワカバ製薬,2024Q2,BS,その他流動資産,,2000
ワカバ製薬,2024Q2,BS,有形固定資産(純額),,30100
ワカバ製薬,2024Q2,BS,投資その他の資産,,2900
ワカバ製薬,2024Q2,BS,営業債務,,12800
ワカバ製薬,2024Q2,BS,短期借入金,,0
ワカバ製薬,2024Q2,BS,その他流動負債,,5800
ワカバ製薬,2024Q2,BS,長期借入金,,19200
ワカバ製薬,2024Q2,BS,その他固定負債,,5300
ワカバ製薬,2024Q2,BS,退職給付引当金,,7200
ワカバ製薬,2024Q2,BS,純資産合計,,32700
ワカバ製薬,2024Q2,PL,売上高,,51000
ワカバ製薬,2024Q2,PL,営業利益,,3900
ワカバ製薬,2024Q2,PL,税引前当期純利益,,3800
ワカバ製薬,2024Q2,PL,減価償却費,,4700
ワカバ製薬,2024Q2,PL,受取利息及び受取配当金,,200
ワカバ製薬,2024Q2,PL,支払利息,,300
ワカバ製薬,2024Q2,PL,法人税等,,1200
ワカバ製薬,2024Q3,BS,現金及び預金,,2500
ワカバ製薬,2024Q3,BS,預け金,,1700
ワカバ製薬,2024Q3,BS,営業債権,,27100
ワカバ製薬,2024Q3,BS,棚卸資産,,8400
ワカバ製薬,2024Q3,BS,その他流動資産,,2800
ワカバ製薬,2024Q3,BS,有形固定資産(純額),,34000
ワカバ製薬,2024Q3,BS,投資その他の資産,,4300
ワカバ製薬,2024Q3,BS,営業債務,,11100
ワカバ製薬,2024Q3,BS,短期借入金,,0
ワカバ製薬,2024Q3,BS,その他流動負債,,6100
ワカバ製薬,2024Q3,BS,長期借入金,,17700
ワカバ製薬,2024Q3,BS,その他固定負債,,5300
ワカバ製薬,2024Q3,BS,退職給付引当金,,7800
ワカバ製薬,2024Q3,BS,純資産合計,,32800
ワカバ製薬,2024Q3,PL,売上高,,52400
ワカバ製薬,2024Q3,PL,営業利益,,600
ワカバ製薬,2024Q3,PL,税引前当期純利益,,100
ワカバ製薬,2024Q3,PL,減価償却費,,5500
ワカバ製薬,2024Q3,PL,受取利息及び受取配当金,,100
ワカバ製薬,2024Q3,PL,支払利息,,400
ワカバ製薬,2024Q3,PL,固定資産売却損益(益は+、損は−),,-200
ワカバ製薬,2024Q3,補足,有形固定資産の売却による収入,,3100
ワカバ製薬,2024Q4,BS,現金及び預金,,8500
ワカバ製薬,2024Q4,BS,預け金,,0
ワカバ製薬,2024Q4,BS,営業債権,,27000
ワカバ製薬,2024Q4,BS,棚卸資産,,9600
ワカバ製薬,2024Q4,BS,その他流動資産,,3500
ワカバ製薬,2024Q4,BS,有形固定資産(純額),,39000
ワカバ製薬,2024Q4,BS,投資その他の資産,,4300
ワカバ製薬,2024Q4,BS,営業債務,,11200
ワカバ製薬,2024Q4,BS,短期借入金,,900
ワカバ製薬,2024Q4,BS,その他流動負債,,6600
ワカバ製薬,2024Q4,BS,長期借入金,,20700
ワカバ製薬,2024Q4,BS,その他固定負債,,5700
ワカバ製薬,2024Q4,BS,退職給付引当金,,8600
ワカバ製薬,2024Q4,BS,純資産合計,,38200
ワカバ製薬,2024Q4,PL,売上高,,51300
ワカバ製薬,2024Q4,PL,営業利益,,7900
ワカバ製薬,2024Q4,PL,税引前当期純利益,,8000
ワカバ製薬,2024Q4,PL,減価償却費,,5200
ワカバ製薬,2024Q4,PL,受取利息及び受取配当金,,400
ワカバ製薬,2024Q4,PL,支払利息,,1100
ワカバ製薬,2024Q4,PL,固定資産売却損益(益は+、損は−),,800
ワカバ製薬,2024Q4,PL,法人税等,,2600
ワカバ製薬,2024Q4,補足,有形固定資産の売却による収入,,900
ワカバ製薬,2025Q1,BS,現金及び預金,,6900
ワカバ製薬,2025Q1,BS,預け金,,1200
ワカバ製薬,2025Q1,BS,営業債権,,24400
ワカバ製薬,2025Q1,BS,棚卸資産,,10200
ワカバ製薬,2025Q1,BS,その他流動資産,,3400
ワカバ製薬,2025Q1,BS,有形固定資産(純額),,42000
ワカバ製薬,2025Q1,BS,投資その他の資産,,5400
ワカバ製薬,2025Q1,BS,営業債務,,9400
ワカバ製薬,2025Q1,BS,短期借入金,,600
ワカバ製薬,2025Q1,BS,その他流動負債,,7000
ワカバ製薬,2025Q1,BS,長期借入金,,20200
ワカバ製薬,2025Q1,BS,その他固定負債,,5100
ワカバ製薬,2025Q1,BS,退職給付引当金,,9500
ワカバ製薬,2025Q1,BS,純資産合計,,41700
ワカバ製薬,2025Q1,PL,売上高,,51800
ワカバ製薬,2025Q1,PL,営業利益,,6200
ワカバ製薬,2025Q1,PL,税引前当期純利益,,6400
ワカバ製薬,2025Q1,PL,減価償却費,,1600
ワカバ製薬,2025Q1,PL,受取利息及び受取配当金,,400
ワカバ製薬,2025Q1,PL,支払利息,,200
ワカバ製薬,2025Q1,PL,法人税等,,2000
ワカバ製薬,2025Q1,SS,剰余金の配当(配当金の支払額),,900
ワカバ製薬,2025Q2,BS,現金及び預金,,5500
ワカバ製薬,2025Q2,BS,預け金,,4100
ワカバ製薬,2025Q2,BS,営業債権,,25800
ワカバ製薬,2025Q2,BS,棚卸資産,,8900
ワカバ製薬,2025Q2,BS,その他流動資産,,2900
ワカバ製薬,2025Q2,BS,有形固定資産(純額),,44900
ワカバ製薬,2025Q2,BS,投資その他の資産,,5600
ワカバ製薬,2025Q2,BS,営業債務,,10400
ワカバ製薬,2025Q2,BS,短期借入金,,0
ワカバ製薬,2025Q2,BS,その他流動負債,,7800
ワカバ製薬,2025Q2,BS,長期借入金,,20600
ワカバ製薬,2025Q2,BS,その他固定負債,,5100
ワカバ製薬,2025Q2,BS,退職給付引当金,,9300
ワカバ製薬,2025Q2,BS,純資産合計,,44500
ワカバ製薬,2025Q2,PL,売上高,,52900
ワカバ製薬,2025Q2,PL,営業利益,,4900
ワカバ製薬,2025Q2,PL,税引前当期純利益,,4100
ワカバ製薬,2025Q2,PL,減価償却費,,5000
ワカバ製薬,2025Q2,PL,受取利息及び受取配当金,,100
ワカバ製薬,2025Q2,PL,支払利息,,500
ワカバ製薬,2025Q2,PL,固定資産売却損益(益は+、損は−),,-400
ワカバ製薬,2025Q2,PL,法人税等,,1300
ワカバ製薬,2025Q2,補足,有形固定資産の売却による収入,,1900
ワカバ製薬,2025Q3,BS,現金及び預金,,2400
ワカバ製薬,2025Q3,BS,預け金,,3500
ワカバ製薬,2025Q3,BS,営業債権,,26200
ワカバ製薬,2025Q3,BS,棚卸資産,,9400
ワカバ製薬,2025Q3,BS,その他流動資産,,3700
ワカバ製薬,2025Q3,BS,有形固定資産(純額),,46500
ワカバ製薬,2025Q3,BS,投資その他の資産,,4700
ワカバ製薬,2025Q3,BS,営業債務,,10400
ワカバ製薬,2025Q3,BS,短期借入金,,400
ワカバ製薬,2025Q3,BS,その他流動負債,,7500
ワカバ製薬,2025Q3,BS,長期借入金,,17500
ワカバ製薬,2025Q3,BS,その他固定負債,,5800
ワカバ製薬,2025Q3,BS,退職給付引当金,,9100
ワカバ製薬,2025Q3,BS,純資産合計,,45700
ワカバ製薬,2025Q3,PL,売上高,,54300
ワカバ製薬,2025Q3,PL,営業利益,,2500
ワカバ製薬,2025Q3,PL,税引前当期純利益,,1700
ワカバ製薬,2025Q3,PL,減価償却費,,5200
ワカバ製薬,2025Q3,PL,受取利息及び受取配当金,,300
ワカバ製薬,2025Q3,PL,支払利息,,1100
ワカバ製薬,2025Q3,PL,法人税等,,500
ワカバ製薬,2025Q4,BS,現金及び預金,,500
ワカバ製薬,2025Q4,BS,預け金,,1300
ワカバ製薬,2025Q4,BS,営業債権,,29600
ワカバ製薬,2025Q4,BS,棚卸資産,,9600
ワカバ製薬,2025Q4,BS,その他流動資産,,3100
ワカバ製薬,2025Q4,BS,有形固定資産(純額),,49000
ワカバ製薬,2025Q4,BS,投資その他の資産,,6100
ワカバ製薬,2025Q4,BS,営業債務,,13300
ワカバ製薬,2025Q4,BS,短期借入金,,500
ワカバ製薬,2025Q4,BS,その他流動負債,,7700
ワカバ製薬,2025Q4,BS,長期借入金,,14000
ワカバ製薬,2025Q4,BS,その他固定負債,,5400
ワカバ製薬,2025Q4,BS,退職給付引当金,,9900
ワカバ製薬,2025Q4,BS,純資産合計,,48400
ワカバ製薬,2025Q4,PL,売上高,,55900
ワカバ製薬,2025Q4,PL,営業利益,,4200
ワカバ製薬,2025Q4,PL,税引前当期純利益,,3900
ワカバ製薬,2025Q4,PL,減価償却費,,2800
ワカバ製薬,2025Q4,PL,受取利息及び受取配当金,,100
ワカバ製薬,2025Q4,PL,支払利息,,900
ワカバ製薬,2025Q4,PL,固定資産売却損益(益は+、損は−),,500
ワカバ製薬,2025Q4,PL,法人税等,,1200
ワカバ製薬,2025Q4,補足,有形固定資産の売却による収入,,2100
ワカバ製薬,2026Q1,BS,現金及び預金,,500
ワカバ製薬,2026Q1,BS,預け金,,3100
ワカバ製薬,2026Q1,BS,営業債権,,28800
ワカバ製薬,2026Q1,BS,棚卸資産,,11400
ワカバ製薬,2026Q1,BS,その他流動資産,,3700
ワカバ製薬,2026Q1,BS,有形固定資産(純額),,49400
ワカバ製薬,2026Q1,BS,投資その他の資産,,7500
ワカバ製薬,2026Q1,BS,営業債務,,11600
ワカバ製薬,2026Q1,BS,短期借入金,,7400
ワカバ製薬,2026Q1,BS,その他流動負債,,7600
ワカバ製薬,2026Q1,BS,長期借入金,,11900
ワカバ製薬,2026Q1,BS,その他固定負債,,5800
ワカバ製薬,2026Q1,BS,退職給付引当金,,10600
ワカバ製薬,2026Q1,BS,純資産合計,,49500
ワカバ製薬,2026Q1,PL,売上高,,56500
ワカバ製薬,2026Q1,PL,営業利益,,2000
ワカバ製薬,2026Q1,PL,税引前当期純利益,,2400
ワカバ製薬,2026Q1,PL,減価償却費,,3100
ワカバ製薬,2026Q1,PL,受取利息及び受取配当金,,400
ワカバ製薬,2026Q1,PL,支払利息,,200
ワカバ製薬,2026Q1,PL,固定資産売却損益(益は+、損は−),,200
ワカバ製薬,2026Q1,PL,法人税等,,800
ワカバ製薬,2026Q1,補足,有形固定資産の売却による収入,,1100
ワカバ製薬,2026Q1,SS,剰余金の配当(配当金の支払額),,500
キセキ電子,2023Q4,BS,現金及び預金,3500,1400
キセキ電子,2023Q4,BS,預け金,700,300
キセキ電子,2023Q4,BS,営業債権,4600,4100
キセキ電子,2023Q4,BS,棚卸資産,2100,2600
キセキ電子,2023Q4,BS,その他流動資産,800,900
キセキ電子,2023Q4,BS,有形固定資産(純額),14800,15400
キセキ電子,2023Q4,BS,投資その他の資産,1200,1700
キセキ電子,2023Q4,BS,営業債務,5700,5500
キセキ電子,2023Q4,BS,短期借入金,1700,2400
キセキ電子,2023Q4,BS,その他流動負債,2100,2400
キセキ電子,2023Q4,BS,長期借入金,3200,1900
キセキ電子,2023Q4,BS,その他固定負債,2200,2100
キセキ電子,2023Q4,BS,退職給付引当金,1800,2000
キセキ電子,2023Q4,BS,純資産合計,11000,10100
キセキ電子,2023Q4,PL,売上高,,24900
キセキ電子,2023Q4,PL,営業利益,,-400
キセキ電子,2023Q4,PL,税引前当期純利益,,-900
キセキ電子,2023Q4,PL,減価償却費,,1600
キセキ電子,2023Q4,PL,支払利息,,500
キセキ電子,2024Q1,BS,現金及び預金,,500
キセキ電子,2024Q1,BS,預け金,,600
キセキ電子,2024Q1,BS,営業債権,,5200
キセキ電子,2024Q1,BS,棚卸資産,,3600
キセキ電子,2024Q1,BS,その他流動資産,,1100
キセキ電子,2024Q1,BS,有形固定資産(純額),,15800
キセキ電子,2024Q1,BS,投資その他の資産,,1700
キセキ電子,2024Q1,BS,営業債務,,5000
キセキ電子,2024Q1,BS,短期借入金,,4500
キセキ電子,2024Q1,BS,その他流動負債,,2800
キセキ電子,2024Q1,BS,長期借入金,,1100
キセキ電子,2024Q1,BS,その他固定負債,,2400
キセキ電子,2024Q1,BS,退職給付引当金,,2000
キセキ電子,2024Q1,BS,純資産合計,,10700
キセキ電子,2024Q1,PL,売上高,,24800
キセキ電子,2024Q1,PL,営業利益,,1600
キセキ電子,2024Q1,PL,税引前当期純利益,,1400
キセキ電子,2024Q1,PL,減価償却費,,1200
キセキ電子,2024Q1,PL,受取利息及び受取配当金,,100
キセキ電子,2024Q1,PL,支払利息,,300
キセキ電子,2024Q1,PL,法人税等,,400
キセキ電子,2024Q1,SS,剰余金の配当(配当金の支払額),,400
キセキ電子,2024Q2,BS,現金及び預金,,3600
キセキ電子,2024Q2,BS,預け金,,800
キセキ電子,2024Q2,BS,営業債権,,4700
キセキ電子,2024Q2,BS,棚卸資産,,4200
キセキ電子,2024Q2,BS,その他流動資産,,900
キセキ電子,2024Q2,BS,有形固定資産(純額),,17500
キセキ電子,2024Q2,BS,投資その他の資産,,1300
キセキ電子,2024Q2,BS,営業債務,,5600
キセキ電子,2024Q2,BS,短期借入金,,3500
キセキ電子,2024Q2,BS,その他流動負債,,3100
キセキ電子,2024Q2,BS,長期借入金,,1800
キセキ電子,2024Q2,BS,その他固定負債,,2300
キセキ電子,2024Q2,BS,退職給付引当金,,2200
キセキ電子,2024Q2,BS,純資産合計,,14500
キセキ電子,2024Q2,PL,売上高,,24500
キセキ電子,2024Q2,PL,営業利益,,1500
キセキ電子,2024Q2,PL,税引前当期純利益,,1500
キセキ電子,2024Q2,PL,減価償却費,,2000
キセキ電子,2024Q2,PL,受取利息及び受取配当金,,200
キセキ電子,2024Q2,PL,支払利息,,200
キセキ電子,2024Q2,PL,法人税等,,500
キセキ電子,2024Q2,SS,新株の発行(増資),,2200
キセキ電子,2024Q2,SS,自己株式の処分,,600
キセキ電子,2024Q3,BS,現金及び預金,,7400
キセキ電子,2024Q3,BS,預け金,,1600
キセキ電子,2024Q3,BS,営業債権,,4000
キセキ電子,2024Q3,BS,棚卸資産,,3500
キセキ電子,2024Q3,BS,その他流動資産,,700
キセキ電子,2024Q3,BS,有形固定資産(純額),,19000
キセキ電子,2024Q3,BS,投資その他の資産,,1000
キセキ電子,2024Q3,BS,営業債務,,6500
キセキ電子,2024Q3,BS,短期借入金,,3900
キセキ電子,2024Q3,BS,その他流動負債,,3500
キセキ電子,2024Q3,BS,長期借入金,,2300
キセキ電子,2024Q3,BS,その他固定負債,,2400
キセキ電子,2024Q3,BS,退職給付引当金,,2500
キセキ電子,2024Q3,BS,純資産合計,,16100
キセキ電子,2024Q3,PL,売上高,,24500
キセキ電子,2024Q3,PL,営業利益,,3100
キセキ電子,2024Q3,PL,税引前当期純利益,,3000
キセキ電子,2024Q3,PL,減価償却費,,1800
キセキ電子,2024Q3,PL,受取利息及び受取配当金,,100
キセキ電子,2024Q3,PL,支払利息,,200
キセキ電子,2024Q3,PL,法人税等,,1000
キセキ電子,2024Q3,SS,剰余金の配当(配当金の支払額),,400
キセキ電子,2024Q4,BS,現金及び預金,,10300
キセキ電子,2024Q4,BS,預け金,,1600
キセキ電子,2024Q4,BS,営業債権,,3900
キセキ電子,2024Q4,BS,棚卸資産,,3100
キセキ電子,2024Q4,BS,その他流動資産,,800
キセキ電子,2024Q4,BS,有形固定資産(純額),,19200
キセキ電子,2024Q4,BS,投資その他の資産,,1100
キセキ電子,2024Q4,BS,営業債務,,6700
キセキ電子,2024Q4,BS,短期借入金,,4700
キセキ電子,2024Q4,BS,その他流動負債,,3400
キセキ電子,2024Q4,BS,長期借入金,,2600
キセキ電子,2024Q4,BS,その他固定負債,,2600
キセキ電子,2024Q4,BS,退職給付引当金,,2800
キセキ電子,2024Q4,BS,純資産合計,,17200
キセキ電子,2024Q4,PL,売上高,,25000
キセキ電子,2024Q4,PL,営業利益,,1800
キセキ電子,2024Q4,PL,税引前当期純利益,,1600
キセキ電子,2024Q4,PL,減価償却費,,2000
キセキ電子,2024Q4,PL,受取利息及び受取配当金,,100
キセキ電子,2024Q4,PL,支払利息,,300
キセキ電子,2024Q4,PL,法人税等,,500
キセキ電子,2025Q1,BS,現金及び預金,,11500
キセキ電子,2025Q1,BS,預け金,,1100
キセキ電子,2025Q1,BS,営業債権,,3700
キセキ電子,2025Q1,BS,棚卸資産,,2700
キセキ電子,2025Q1,BS,その他流動資産,,1000
キセキ電子,2025Q1,BS,有形固定資産(純額),,20000
キセキ電子,2025Q1,BS,投資その他の資産,,1400
キセキ電子,2025Q1,BS,営業債務,,7500
キセキ電子,2025Q1,BS,短期借入金,,3700
キセキ電子,2025Q1,BS,その他流動負債,,3700
キセキ電子,2025Q1,BS,長期借入金,,3000
キセキ電子,2025Q1,BS,その他固定負債,,2700
キセキ電子,2025Q1,BS,退職給付引当金,,2900
キセキ電子,2025Q1,BS,純資産合計,,17900
キセキ電子,2025Q1,PL,売上高,,25400
キセキ電子,2025Q1,PL,営業利益,,1300
キセキ電子,2025Q1,PL,税引前当期純利益,,1600
キセキ電子,2025Q1,PL,減価償却費,,900
キセキ電子,2025Q1,PL,受取利息及び受取配当金,,100
キセキ電子,2025Q1,PL,支払利息,,100
キセキ電子,2025Q1,PL,固定資産売却損益(益は+、損は−),,300
キセキ電子,2025Q1,PL,法人税等,,500
キセキ電子,2025Q1,補足,有形固定資産の売却による収入,,1000
キセキ電子,2025Q1,SS,剰余金の配当(配当金の支払額),,400
キセキ電子,2025Q2,BS,現金及び預金,,11300
キセキ電子,2025Q2,BS,預け金,,500
キセキ電子,2025Q2,BS,営業債権,,4500
キセキ電子,2025Q2,BS,棚卸資産,,2100
キセキ電子,2025Q2,BS,その他流動資産,,1200
キセキ電子,2025Q2,BS,有形固定資産(純額),,20900
キセキ電子,2025Q2,BS,投資その他の資産,,1600
キセキ電子,2025Q2,BS,営業債務,,6600
キセキ電子,2025Q2,BS,短期借入金,,3900
キセキ電子,2025Q2,BS,その他流動負債,,4100
キセキ電子,2025Q2,BS,長期借入金,,1900
キセキ電子,2025Q2,BS,その他固定負債,,3000
キセキ電子,2025Q2,BS,退職給付引当金,,3100
キセキ電子,2025Q2,BS,純資産合計,,19500
キセキ電子,2025Q2,PL,売上高,,25000
キセキ電子,2025Q2,PL,営業利益,,2800
キセキ電子,2025Q2,PL,税引前当期純利益,,2400
キセキ電子,2025Q2,PL,減価償却費,,1500
キセキ電子,2025Q2,PL,支払利息,,400
キセキ電子,2025Q2,PL,法人税等,,800
キセキ電子,2025Q3,BS,現金及び預金,,12400
キセキ電子,2025Q3,BS,預け金,,0
キセキ電子,2025Q3,BS,営業債権,,4500
キセキ電子,2025Q3,BS,棚卸資産,,2300
キセキ電子,2025Q3,BS,その他流動資産,,1400
キセキ電子,2025Q3,BS,有形固定資産(純額),,21100
キセキ電子,2025Q3,BS,投資その他の資産,,1600
キセキ電子,2025Q3,BS,営業債務,,7600
キセキ電子,2025Q3,BS,短期借入金,,3400
キセキ電子,2025Q3,BS,その他流動負債,,4300
キセキ電子,2025Q3,BS,長期借入金,,700
キセキ電子,2025Q3,BS,その他固定負債,,3200
キセキ電子,2025Q3,BS,退職給付引当金,,3400
キセキ電子,2025Q3,BS,純資産合計,,20700
キセキ電子,2025Q3,PL,売上高,,25600
キセキ電子,2025Q3,PL,営業利益,,1200
キセキ電子,2025Q3,PL,税引前当期純利益,,1200
キセキ電子,2025Q3,PL,減価償却費,,2200
キセキ電子,2025Q3,PL,受取利息及び受取配当金,,100
キセキ電子,2025Q3,PL,支払利息,,100
キセキ電子,2025Q3,PL,法人税等,,400
キセキ電子,2025Q3,SS,新株の発行(増資),,600
キセキ電子,2025Q3,SS,剰余金の配当(配当金の支払額),,200
キセキ電子,2025Q4,BS,現金及び預金,,13500
キセキ電子,2025Q4,BS,預け金,,400
キセキ電子,2025Q4,BS,営業債権,,3400
キセキ電子,2025Q4,BS,棚卸資産,,2500
キセキ電子,2025Q4,BS,その他流動資産,,1200
キセキ電子,2025Q4,BS,有形固定資産(純額),,20700
キセキ電子,2025Q4,BS,投資その他の資産,,2000
キセキ電子,2025Q4,BS,営業債務,,6800
キセキ電子,2025Q4,BS,短期借入金,,4000
キセキ電子,2025Q4,BS,その他流動負債,,4200
キセキ電子,2025Q4,BS,長期借入金,,100
キセキ電子,2025Q4,BS,その他固定負債,,3000
キセキ電子,2025Q4,BS,退職給付引当金,,3700
キセキ電子,2025Q4,BS,純資産合計,,21900
キセキ電子,2025Q4,PL,売上高,,25700
キセキ電子,2025Q4,PL,営業利益,,2000
キセキ電子,2025Q4,PL,税引前当期純利益,,1800
キセキ電子,2025Q4,PL,減価償却費,,1500
キセキ電子,2025Q4,PL,受取利息及び受取配当金,,100
キセキ電子,2025Q4,PL,支払利息,,300
キセキ電子,2025Q4,PL,法人税等,,600
キセキ電子,2025Q4,補足,有形固定資産の売却による収入,,900
キセキ電子,2026Q1,BS,現金及び預金,,13900
キセキ電子,2026Q1,BS,預け金,,0
キセキ電子,2026Q1,BS,営業債権,,3100
キセキ電子,2026Q1,BS,棚卸資産,,2200
キセキ電子,2026Q1,BS,その他流動資産,,1000
キセキ電子,2026Q1,BS,有形固定資産(純額),,20800
キセキ電子,2026Q1,BS,投資その他の資産,,1700
キセキ電子,2026Q1,BS,営業債務,,6100
キセキ電子,2026Q1,BS,短期借入金,,4100
キセキ電子,2026Q1,BS,その他流動負債,,4100
キセキ電子,2026Q1,BS,長期借入金,,0
キセキ電子,2026Q1,BS,その他固定負債,,3000
キセキ電子,2026Q1,BS,退職給付引当金,,3800
キセキ電子,2026Q1,BS,純資産合計,,21600
キセキ電子,2026Q1,PL,売上高,,25900
キセキ電子,2026Q1,PL,営業利益,,-200
キセキ電子,2026Q1,PL,税引前当期純利益,,-300
キセキ電子,2026Q1,PL,減価償却費,,2400
キセキ電子,2026Q1,PL,受取利息及び受取配当金,,100
キセキ電子,2026Q1,PL,支払利息,,200
ヤマト包装,2023Q4,BS,現金及び預金,15300,9900
ヤマト包装,2023Q4,BS,預け金,8200,6400
ヤマト包装,2023Q4,BS,営業債権,15800,15500
ヤマト包装,2023Q4,BS,棚卸資産,13200,12600
ヤマト包装,2023Q4,BS,その他流動資産,3000,3800
ヤマト包装,2023Q4,BS,有形固定資産(純額),50100,51200
ヤマト包装,2023Q4,BS,投資その他の資産,3900,3500
ヤマト包装,2023Q4,BS,営業債務,8400,9300
ヤマト包装,2023Q4,BS,短期借入金,10900,8000
ヤマト包装,2023Q4,BS,その他流動負債,3500,2800
ヤマト包装,2023Q4,BS,長期借入金,16400,13100
ヤマト包装,2023Q4,BS,その他固定負債,4500,4000
ヤマト包装,2023Q4,BS,退職給付引当金,3200,3300
ヤマト包装,2023Q4,BS,純資産合計,62600,62400
ヤマト包装,2023Q4,PL,売上高,,61000
ヤマト包装,2023Q4,PL,営業利益,,-900
ヤマト包装,2023Q4,PL,税引前当期純利益,,-1200
ヤマト包装,2023Q4,PL,減価償却費,,2900
ヤマト包装,2023Q4,PL,受取利息及び受取配当金,,100
ヤマト包装,2023Q4,PL,支払利息,,400
ヤマト包装,2023Q4,SS,自己株式の処分,,1000
ヤマト包装,2024Q1,BS,現金及び預金,,7600
ヤマト包装,2024Q1,BS,預け金,,8900
ヤマト包装,2024Q1,BS,営業債権,,14900
ヤマト包装,2024Q1,BS,棚卸資産,,12500
ヤマト包装,2024Q1,BS,その他流動資産,,3900
ヤマト包装,2024Q1,BS,有形固定資産(純額),,50200
ヤマト包装,2024Q1,BS,投資その他の資産,,3400
ヤマト包装,2024Q1,BS,営業債務,,7300
ヤマト包装,2024Q1,BS,短期借入金,,8800
ヤマト包装,2024Q1,BS,その他流動負債,,3200
ヤマト包装,2024Q1,BS,長期借入金,,10900
ヤマト包装,2024Q1,BS,その他固定負債,,4000
ヤマト包装,2024Q1,BS,退職給付引当金,,3700
ヤマト包装,2024Q1,BS,純資産合計,,63500
ヤマト包装,2024Q1,PL,売上高,,61800
ヤマト包装,2024Q1,PL,営業利益,,2700
ヤマト包装,2024Q1,PL,税引前当期純利益,,2100
ヤマト包装,2024Q1,PL,減価償却費,,4700
ヤマト包装,2024Q1,PL,受取利息及び受取配当金,,100
ヤマト包装,2024Q1,PL,支払利息,,500
ヤマト包装,2024Q1,PL,固定資産売却損益(益は+、損は−),,-200
ヤマト包装,2024Q1,PL,法人税等,,700
ヤマト包装,2024Q1,補足,有形固定資産の売却による収入,,800
ヤマト包装,2024Q1,SS,剰余金の配当(配当金の支払額),,300
ヤマト包装,2024Q2,BS,現金及び預金,,17900
ヤマト包装,2024Q2,BS,預け金,,10400
ヤマト包装,2024Q2,BS,営業債権,,14100
ヤマト包装,2024Q2,BS,棚卸資産,,11500
ヤマト包装,2024Q2,BS,その他流動資産,,3800
ヤマト包装,2024Q2,BS,有形固定資産(純額),,48800
ヤマト包装,2024Q2,BS,投資その他の資産,,3000
ヤマト包装,2024Q2,BS,営業債務,,7200
ヤマト包装,2024Q2,BS,短期借入金,,7100
ヤマト包装,2024Q2,BS,その他流動負債,,3000
ヤマト包装,2024Q2,BS,長期借入金,,12300
ヤマト包装,2024Q2,BS,その他固定負債,,4300
ヤマト包装,2024Q2,BS,退職給付引当金,,4500
ヤマト包装,2024Q2,BS,純資産合計,,71100
ヤマト包装,2024Q2,PL,売上高,,62700
ヤマト包装,2024Q2,PL,営業利益,,9100
ヤマト包装,2024Q2,PL,税引前当期純利益,,8100
ヤマト包装,2024Q2,PL,減価償却費,,2600
ヤマト包装,2024Q2,PL,受取利息及び受取配当金,,300
ヤマト包装,2024Q2,PL,支払利息,,1100
ヤマト包装,2024Q2,PL,固定資産売却損益(益は+、損は−),,-200
ヤマト包装,2024Q2,PL,法人税等,,2600
ヤマト包装,2024Q2,補足,有形固定資産の売却による収入,,3100
ヤマト包装,2024Q2,SS,新株の発行(増資),,2100
ヤマト包装,2024Q3,BS,現金及び預金,,14200
ヤマト包装,2024Q3,BS,預け金,,11600
ヤマト包装,2024Q3,BS,営業債権,,14900
ヤマト包装,2024Q3,BS,棚卸資産,,11000
ヤマト包装,2024Q3,BS,その他流動資産,,3900
ヤマト包装,2024Q3,BS,有形固定資産(純額),,48000
ヤマト包装,2024Q3,BS,投資その他の資産,,2700
ヤマト包装,2024Q3,BS,営業債務,,4800
ヤマト包装,2024Q3,BS,短期借入金,,5800
ヤマト包装,2024Q3,BS,その他流動負債,,3100
ヤマト包装,2024Q3,BS,長期借入金,,8700
ヤマト包装,2024Q3,BS,その他固定負債,,4300
ヤマト包装,2024Q3,BS,退職給付引当金,,4300
ヤマト包装,2024Q3,BS,純資産合計,,75300
ヤマト包装,2024Q3,PL,売上高,,66300
ヤマト包装,2024Q3,PL,営業利益,,8900
ヤマト包装,2024Q3,PL,税引前当期純利益,,8100
ヤマト包装,2024Q3,PL,減価償却費,,4900
ヤマト包装,2024Q3,PL,受取利息及び受取配当金,,100
ヤマト包装,2024Q3,PL,支払利息,,900
ヤマト包装,2024Q3,PL,法人税等,,2600
ヤマト包装,2024Q3,SS,剰余金の配当(配当金の支払額),,1300
ヤマト包装,2024Q4,BS,現金及び預金,,5300
ヤマト包装,2024Q4,BS,預け金,,13900
ヤマト包装,2024Q4,BS,営業債権,,16300
ヤマト包装,2024Q4,BS,棚卸資産,,13200
ヤマト包装,2024Q4,BS,その他流動資産,,4400
ヤマト包装,2024Q4,BS,有形固定資産(純額),,50700
ヤマト包装,2024Q4,BS,投資その他の資産,,3100
ヤマト包装,2024Q4,BS,営業債務,,5600
ヤマト包装,2024Q4,BS,短期借入金,,3800
ヤマト包装,2024Q4,BS,その他流動負債,,2800
ヤマト包装,2024Q4,BS,長期借入金,,6200
ヤマト包装,2024Q4,BS,その他固定負債,,3700
ヤマト包装,2024Q4,BS,退職給付引当金,,4200
ヤマト包装,2024Q4,BS,純資産合計,,80600
ヤマト包装,2024Q4,PL,売上高,,70200
ヤマト包装,2024Q4,PL,営業利益,,6600
ヤマト包装,2024Q4,PL,税引前当期純利益,,6700
ヤマト包装,2024Q4,PL,減価償却費,,5200
ヤマト包装,2024Q4,PL,受取利息及び受取配当金,,300
ヤマト包装,2024Q4,PL,支払利息,,200
ヤマト包装,2024Q4,PL,法人税等,,2100
ヤマト包装,2024Q4,SS,自己株式の処分,,700
ヤマト包装,2025Q1,BS,現金及び預金,,8700
ヤマト包装,2025Q1,BS,預け金,,16200
ヤマト包装,2025Q1,BS,営業債権,,14900
ヤマト包装,2025Q1,BS,棚卸資産,,15200
ヤマト包装,2025Q1,BS,その他流動資産,,4400
ヤマト包装,2025Q1,BS,有形固定資産(純額),,50400
ヤマト包装,2025Q1,BS,投資その他の資産,,3100
ヤマト包装,2025Q1,BS,営業債務,,5400
ヤマト包装,2025Q1,BS,短期借入金,,6100
ヤマト包装,2025Q1,BS,その他流動負債,,3700
ヤマト包装,2025Q1,BS,長期借入金,,5800
ヤマト包装,2025Q1,BS,その他固定負債,,4200
ヤマト包装,2025Q1,BS,退職給付引当金,,4700
ヤマト包装,2025Q1,BS,純資産合計,,83000
ヤマト包装,2025Q1,PL,売上高,,74500
ヤマト包装,2025Q1,PL,営業利益,,5800
ヤマト包装,2025Q1,PL,税引前当期純利益,,5000
ヤマト包装,2025Q1,PL,減価償却費,,4800
ヤマト包装,2025Q1,PL,受取利息及び受取配当金,,300
ヤマト包装,2025Q1,PL,支払利息,,500
ヤマト包装,2025Q1,PL,固定資産売却損益(益は+、損は−),,-600
ヤマト包装,2025Q1,PL,法人税等,,1600
ヤマト包装,2025Q1,補足,有形固定資産の売却による収入,,2300
ヤマト包装,2025Q1,SS,剰余金の配当(配当金の支払額),,1400
ヤマト包装,2025Q1,SS,自己株式の処分,,400
ヤマト包装,2025Q2,BS,現金及び預金,,12300
ヤマト包装,2025Q2,BS,預け金,,17000
ヤマト包装,2025Q2,BS,営業債権,,12900
ヤマト包装,2025Q2,BS,棚卸資産,,15200
ヤマト包装,2025Q2,BS,その他流動資産,,4800
ヤマト包装,2025Q2,BS,有形固定資産(純額),,52800
ヤマト包装,2025Q2,BS,投資その他の資産,,3300
ヤマト包装,2025Q2,BS,営業債務,,4000
ヤマト包装,2025Q2,BS,短期借入金,,3400
ヤマト包装,2025Q2,BS,その他流動負債,,4700
ヤマト包装,2025Q2,BS,長期借入金,,9000
ヤマト包装,2025Q2,BS,その他固定負債,,5000
ヤマト包装,2025Q2,BS,退職給付引当金,,5400
ヤマト包装,2025Q2,BS,純資産合計,,86800
ヤマト包装,2025Q2,PL,売上高,,77400
ヤマト包装,2025Q2,PL,営業利益,,6600
ヤマト包装,2025Q2,PL,税引前当期純利益,,5600
ヤマト包装,2025Q2,PL,減価償却費,,1600
ヤマト包装,2025Q2,PL,受取利息及び受取配当金,,100
ヤマト包装,2025Q2,PL,支払利息,,1100
ヤマト包装,2025Q2,PL,法人税等,,1800
ヤマト包装,2025Q3,BS,現金及び預金,,7200
ヤマト包装,2025Q3,BS,預け金,,18900
ヤマト包装,2025Q3,BS,営業債権,,16300
ヤマト包装,2025Q3,BS,棚卸資産,,13900
ヤマト包装,2025Q3,BS,その他流動資産,,5600
ヤマト包装,2025Q3,BS,有形固定資産(純額),,56700
ヤマト包装,2025Q3,BS,投資その他の資産,,3900
ヤマト包装,2025Q3,BS,営業債務,,5400
ヤマト包装,2025Q3,BS,短期借入金,,1500
ヤマト包装,2025Q3,BS,その他流動負債,,3900
ヤマト包装,2025Q3,BS,長期借入金,,10200
ヤマト包装,2025Q3,BS,その他固定負債,,4500
ヤマト包装,2025Q3,BS,退職給付引当金,,5900
ヤマト包装,2025Q3,BS,純資産合計,,91100
ヤマト包装,2025Q3,PL,売上高,,78300
ヤマト包装,2025Q3,PL,営業利益,,10100
ヤマト包装,2025Q3,PL,税引前当期純利益,,9800
ヤマト包装,2025Q3,PL,減価償却費,,1500
ヤマト包装,2025Q3,PL,受取利息及び受取配当金,,100
ヤマト包装,2025Q3,PL,支払利息,,400
ヤマト包装,2025Q3,PL,法人税等,,3100
ヤマト包装,2025Q3,SS,剰余金の配当(配当金の支払額),,2400
ヤマト包装,2025Q4,BS,現金及び預金,,13000
ヤマト包装,2025Q4,BS,預け金,,19200
ヤマト包装,2025Q4,BS,営業債権,,13300
ヤマト包装,2025Q4,BS,棚卸資産,,15600
ヤマト包装,2025Q4,BS,その他流動資産,,5500
ヤマト包装,2025Q4,BS,有形固定資産(純額),,56300
ヤマト包装,2025Q4,BS,投資その他の資産,,4200
ヤマト包装,2025Q4,BS,営業債務,,7200
ヤマト包装,2025Q4,BS,短期借入金,,2600
ヤマト包装,2025Q4,BS,その他流動負債,,5100
ヤマト包装,2025Q4,BS,長期借入金,,11400
ヤマト包装,2025Q4,BS,その他固定負債,,4600
ヤマト包装,2025Q4,BS,退職給付引当金,,6500
ヤマト包装,2025Q4,BS,純資産合計,,89700
ヤマト包装,2025Q4,PL,売上高,,82000
ヤマト包装,2025Q4,PL,営業利益,,-1200
ヤマト包装,2025Q4,PL,税引前当期純利益,,-1400
ヤマト包装,2025Q4,PL,減価償却費,,3700
ヤマト包装,2025Q4,PL,受取利息及び受取配当金,,300
ヤマト包装,2025Q4,PL,支払利息,,500
ヤマト包装,2026Q1,BS,現金及び預金,,12500
ヤマト包装,2026Q1,BS,預け金,,19500
ヤマト包装,2026Q1,BS,営業債権,,12100
ヤマト包装,2026Q1,BS,棚卸資産,,14500
ヤマト包装,2026Q1,BS,その他流動資産,,5000
ヤマト包装,2026Q1,BS,有形固定資産(純額),,57000
ヤマト包装,2026Q1,BS,投資その他の資産,,4900
ヤマト包装,2026Q1,BS,営業債務,,8700
ヤマト包装,2026Q1,BS,短期借入金,,500
ヤマト包装,2026Q1,BS,その他流動負債,,4800
ヤマト包装,2026Q1,BS,長期借入金,,11300
ヤマト包装,2026Q1,BS,その他固定負債,,4100
ヤマト包装,2026Q1,BS,退職給付引当金,,6400
ヤマト包装,2026Q1,BS,純資産合計,,89700
ヤマト包装,2026Q1,PL,売上高,,86300
ヤマト包装,2026Q1,PL,営業利益,,2000
ヤマト包装,2026Q1,PL,税引前当期純利益,,2700
ヤマト包装,2026Q1,PL,減価償却費,,3000
ヤマト包装,2026Q1,PL,受取利息及び受取配当金,,300
ヤマト包装,2026Q1,PL,支払利息,,300
ヤマト包装,2026Q1,PL,固定資産売却損益(益は+、損は−),,700
ヤマト包装,2026Q1,PL,法人税等,,900
ヤマト包装,2026Q1,補足,有形固定資産の売却による収入,,2200
ヤマト包装,2026Q1,SS,剰余金の配当(配当金の支払額),,400
ヤマト包装,2026Q1,SS,自己株式の取得,,1400
ゼニス計測,2023Q4,BS,現金及び預金,11500,17400
ゼニス計測,2023Q4,BS,預け金,5000,3300
ゼニス計測,2023Q4,BS,営業債権,18500,17000
ゼニス計測,2023Q4,BS,棚卸資産,11800,13000
ゼニス計測,2023Q4,BS,その他流動資産,3700,3800
ゼニス計測,2023Q4,BS,有形固定資産(純額),38000,37200
ゼニス計測,2023Q4,BS,投資その他の資産,5500,4900
ゼニス計測,2023Q4,BS,営業債務,17400,17000
ゼニス計測,2023Q4,BS,短期借入金,500,0
ゼニス計測,2023Q4,BS,その他流動負債,5900,5900
ゼニス計測,2023Q4,BS,長期借入金,6500,9800
ゼニス計測,2023Q4,BS,その他固定負債,5200,4700
ゼニス計測,2023Q4,BS,退職給付引当金,3400,3900
ゼニス計測,2023Q4,BS,純資産合計,55100,55300
ゼニス計測,2023Q4,PL,売上高,,76100
ゼニス計測,2023Q4,PL,営業利益,,900
ゼニス計測,2023Q4,PL,税引前当期純利益,,300
ゼニス計測,2023Q4,PL,減価償却費,,3100
ゼニス計測,2023Q4,PL,受取利息及び受取配当金,,300
ゼニス計測,2023Q4,PL,支払利息,,600
ゼニス計測,2023Q4,PL,固定資産売却損益(益は+、損は−),,-300
ゼニス計測,2023Q4,PL,法人税等,,100
ゼニス計測,2023Q4,補足,有形固定資産の売却による収入,,1000
ゼニス計測,2024Q1,BS,現金及び預金,,15300
ゼニス計測,2024Q1,BS,預け金,,2200
ゼニス計測,2024Q1,BS,営業債権,,15800
ゼニス計測,2024Q1,BS,棚卸資産,,13300
ゼニス計測,2024Q1,BS,その他流動資産,,4400
ゼニス計測,2024Q1,BS,有形固定資産(純額),,37800
ゼニス計測,2024Q1,BS,投資その他の資産,,5800
ゼニス計測,2024Q1,BS,営業債務,,16300
ゼニス計測,2024Q1,BS,短期借入金,,0
ゼニス計測,2024Q1,BS,その他流動負債,,5000
ゼニス計測,2024Q1,BS,長期借入金,,7200
ゼニス計測,2024Q1,BS,その他固定負債,,4900
ゼニス計測,2024Q1,BS,退職給付引当金,,4000
ゼニス計測,2024Q1,BS,純資産合計,,57200
ゼニス計測,2024Q1,PL,売上高,,77700
ゼニス計測,2024Q1,PL,営業利益,,2800
ゼニス計測,2024Q1,PL,税引前当期純利益,,2800
ゼニス計測,2024Q1,PL,減価償却費,,3100
ゼニス計測,2024Q1,PL,受取利息及び受取配当金,,100
ゼニス計測,2024Q1,PL,支払利息,,800
ゼニス計測,2024Q1,PL,固定資産売却損益(益は+、損は−),,700
ゼニス計測,2024Q1,PL,法人税等,,900
ゼニス計測,2024Q1,補足,有形固定資産の売却による収入,,1600
ゼニス計測,2024Q2,BS,現金及び預金,,18800
ゼニス計測,2024Q2,BS,預け金,,2700
ゼニス計測,2024Q2,BS,営業債権,,13300
ゼニス計測,2024Q2,BS,棚卸資産,,12200
ゼニス計測,2024Q2,BS,その他流動資産,,5300
ゼニス計測,2024Q2,BS,有形固定資産(純額),,39300
ゼニス計測,2024Q2,BS,投資その他の資産,,5500
ゼニス計測,2024Q2,BS,営業債務,,17300
ゼニス計測,2024Q2,BS,短期借入金,,0
ゼニス計測,2024Q2,BS,その他流動負債,,4700
ゼニス計測,2024Q2,BS,長期借入金,,8000
ゼニス計測,2024Q2,BS,その他固定負債,,5500
ゼニス計測,2024Q2,BS,退職給付引当金,,4400
ゼニス計測,2024Q2,BS,純資産合計,,57200
ゼニス計測,2024Q2,PL,売上高,,82500
ゼニス計測,2024Q2,PL,営業利益,,300
ゼニス計測,2024Q2,PL,減価償却費,,3300
ゼニス計測,2024Q2,PL,受取利息及び受取配当金,,200
ゼニス計測,2024Q2,PL,支払利息,,1100
ゼニス計測,2024Q2,PL,固定資産売却損益(益は+、損は−),,600
ゼニス計測,2024Q2,補足,有形固定資産の売却による収入,,600
ゼニス計測,2024Q3,BS,現金及び預金,,25400
ゼニス計測,2024Q3,BS,預け金,,2100
ゼニス計測,2024Q3,BS,営業債権,,15300
ゼニス計測,2024Q3,BS,棚卸資産,,14100
ゼニス計測,2024Q3,BS,その他流動資産,,5700
ゼニス計測,2024Q3,BS,有形固定資産(純額),,38400
ゼニス計測,2024Q3,BS,投資その他の資産,,4800
ゼニス計測,2024Q3,BS,営業債務,,18600
ゼニス計測,2024Q3,BS,短期借入金,,0
ゼニス計測,2024Q3,BS,その他流動負債,,4500
ゼニス計測,2024Q3,BS,長期借入金,,9300
ゼニス計測,2024Q3,BS,その他固定負債,,5300
ゼニス計測,2024Q3,BS,退職給付引当金,,4400
ゼニス計測,2024Q3,BS,純資産合計,,63700
ゼニス計測,2024Q3,PL,売上高,,85500
ゼニス計測,2024Q3,PL,営業利益,,10900
ゼニス計測,2024Q3,PL,税引前当期純利益,,10700
ゼニス計測,2024Q3,PL,減価償却費,,5800
ゼニス計測,2024Q3,PL,受取利息及び受取配当金,,200
ゼニス計測,2024Q3,PL,支払利息,,400
ゼニス計測,2024Q3,PL,法人税等,,3400
ゼニス計測,2024Q3,SS,新株の発行(増資),,1300
ゼニス計測,2024Q3,SS,剰余金の配当(配当金の支払額),,2100
ゼニス計測,2024Q4,BS,現金及び預金,,28700
ゼニス計測,2024Q4,BS,預け金,,1700
ゼニス計測,2024Q4,BS,営業債権,,18100
ゼニス計測,2024Q4,BS,棚卸資産,,13100
ゼニス計測,2024Q4,BS,その他流動資産,,5400
ゼニス計測,2024Q4,BS,有形固定資産(純額),,40500
ゼニス計測,2024Q4,BS,投資その他の資産,,5400
ゼニス計測,2024Q4,BS,営業債務,,20400
ゼニス計測,2024Q4,BS,短期借入金,,1700
ゼニス計測,2024Q4,BS,その他流動負債,,4400
ゼニス計測,2024Q4,BS,長期借入金,,5600
ゼニス計測,2024Q4,BS,その他固定負債,,4800
ゼニス計測,2024Q4,BS,退職給付引当金,,4800
ゼニス計測,2024Q4,BS,純資産合計,,71200
ゼニス計測,2024Q4,PL,売上高,,90600
ゼニス計測,2024Q4,PL,営業利益,,11900
ゼニス計測,2024Q4,PL,税引前当期純利益,,11100
ゼニス計測,2024Q4,PL,減価償却費,,2200
ゼニス計測,2024Q4,PL,受取利息及び受取配当金,,100
ゼニス計測,2024Q4,PL,支払利息,,900
ゼニス計測,2024Q4,PL,法人税等,,3600
ゼニス計測,2025Q1,BS,現金及び預金,,34200
ゼニス計測,2025Q1,BS,預け金,,2400
ゼニス計測,2025Q1,BS,営業債権,,16700
ゼニス計測,2025Q1,BS,棚卸資産,,13300
ゼニス計測,2025Q1,BS,その他流動資産,,5400
ゼニス計測,2025Q1,BS,有形固定資産(純額),,39400
ゼニス計測,2025Q1,BS,投資その他の資産,,5500
ゼニス計測,2025Q1,BS,営業債務,,19600
ゼニス計測,2025Q1,BS,短期借入金,,3700
ゼニス計測,2025Q1,BS,その他流動負債,,5500
ゼニス計測,2025Q1,BS,長期借入金,,4700
ゼニス計測,2025Q1,BS,その他固定負債,,5100
ゼニス計測,2025Q1,BS,退職給付引当金,,5500
ゼニス計測,2025Q1,BS,純資産合計,,72800
ゼニス計測,2025Q1,PL,売上高,,93900
ゼニス計測,2025Q1,PL,営業利益,,3300
ゼニス計測,2025Q1,PL,税引前当期純利益,,3100
ゼニス計測,2025Q1,PL,減価償却費,,2500
ゼニス計測,2025Q1,PL,受取利息及び受取配当金,,200
ゼニス計測,2025Q1,PL,支払利息,,400
ゼニス計測,2025Q1,PL,法人税等,,1000
ゼニス計測,2025Q1,補足,有形固定資産の売却による収入,,3000
ゼニス計測,2025Q1,SS,剰余金の配当(配当金の支払額),,500
ゼニス計測,2025Q2,BS,現金及び預金,,42200
ゼニス計測,2025Q2,BS,預け金,,2800
ゼニス計測,2025Q2,BS,営業債権,,14100
ゼニス計測,2025Q2,BS,棚卸資産,,13700
ゼニス計測,2025Q2,BS,その他流動資産,,5800
ゼニス計測,2025Q2,BS,有形固定資産(純額),,43600
ゼニス計測,2025Q2,BS,投資その他の資産,,5500
ゼニス計測,2025Q2,BS,営業債務,,21400
ゼニス計測,2025Q2,BS,短期借入金,,1000
ゼニス計測,2025Q2,BS,その他流動負債,,6300
ゼニス計測,2025Q2,BS,長期借入金,,8000
ゼニス計測,2025Q2,BS,その他固定負債,,5900
ゼニス計測,2025Q2,BS,退職給付引当金,,5300
ゼニス計測,2025Q2,BS,純資産合計,,79800
ゼニス計測,2025Q2,PL,売上高,,98600
ゼニス計測,2025Q2,PL,営業利益,,10700
ゼニス計測,2025Q2,PL,税引前当期純利益,,10300
ゼニス計測,2025Q2,PL,減価償却費,,2900
ゼニス計測,2025Q2,PL,受取利息及び受取配当金,,400
ゼニス計測,2025Q2,PL,支払利息,,800
ゼニス計測,2025Q2,PL,法人税等,,3300
ゼニス計測,2025Q3,BS,現金及び預金,,43900
ゼニス計測,2025Q3,BS,預け金,,5300
ゼニス計測,2025Q3,BS,営業債権,,17700
ゼニス計測,2025Q3,BS,棚卸資産,,12300
ゼニス計測,2025Q3,BS,その他流動資産,,6100
ゼニス計測,2025Q3,BS,有形固定資産(純額),,41800
ゼニス計測,2025Q3,BS,投資その他の資産,,6900
ゼニス計測,2025Q3,BS,営業債務,,22300
ゼニス計測,2025Q3,BS,短期借入金,,0
ゼニス計測,2025Q3,BS,その他流動負債,,6300
ゼニス計測,2025Q3,BS,長期借入金,,8400
ゼニス計測,2025Q3,BS,その他固定負債,,5400
ゼニス計測,2025Q3,BS,退職給付引当金,,6000
ゼニス計測,2025Q3,BS,純資産合計,,85600
ゼニス計測,2025Q3,PL,売上高,,103800
ゼニス計測,2025Q3,PL,営業利益,,12700
ゼニス計測,2025Q3,PL,税引前当期純利益,,12100
ゼニス計測,2025Q3,PL,減価償却費,,3500
ゼニス計測,2025Q3,PL,受取利息及び受取配当金,,100
ゼニス計測,2025Q3,PL,支払利息,,700
ゼニス計測,2025Q3,PL,法人税等,,3900
ゼニス計測,2025Q3,SS,剰余金の配当(配当金の支払額),,2400
ゼニス計測,2025Q4,BS,現金及び預金,,42400
ゼニス計測,2025Q4,BS,預け金,,6500
ゼニス計測,2025Q4,BS,営業債権,,17500
ゼニス計測,2025Q4,BS,棚卸資産,,12300
ゼニス計測,2025Q4,BS,その他流動資産,,6100
ゼニス計測,2025Q4,BS,有形固定資産(純額),,41700
ゼニス計測,2025Q4,BS,投資その他の資産,,6900
ゼニス計測,2025Q4,BS,営業債務,,22100
ゼニス計測,2025Q4,BS,短期借入金,,0
ゼニス計測,2025Q4,BS,その他流動負債,,6300
ゼニス計測,2025Q4,BS,長期借入金,,6400
ゼニス計測,2025Q4,BS,その他固定負債,,5200
ゼニス計測,2025Q4,BS,退職給付引当金,,6400
ゼニス計測,2025Q4,BS,純資産合計,,87000
ゼニス計測,2025Q4,PL,売上高,,108600
ゼニス計測,2025Q4,PL,営業利益,,2000
ゼニス計測,2025Q4,PL,税引前当期純利益,,2000
ゼニス計測,2025Q4,PL,減価償却費,,5800
ゼニス計測,2025Q4,PL,受取利息及び受取配当金,,400
ゼニス計測,2025Q4,PL,支払利息,,400
ゼニス計測,2025Q4,PL,法人税等,,600
ゼニス計測,2026Q1,BS,現金及び預金,,51400
ゼニス計測,2026Q1,BS,預け金,,5400
ゼニス計測,2026Q1,BS,営業債権,,14600
ゼニス計測,2026Q1,BS,棚卸資産,,13900
ゼニス計測,2026Q1,BS,その他流動資産,,6000
ゼニス計測,2026Q1,BS,有形固定資産(純額),,41800
ゼニス計測,2026Q1,BS,投資その他の資産,,8200
ゼニス計測,2026Q1,BS,営業債務,,25000
ゼニス計測,2026Q1,BS,短期借入金,,0
ゼニス計測,2026Q1,BS,その他流動負債,,5500
ゼニス計測,2026Q1,BS,長期借入金,,7000
ゼニス計測,2026Q1,BS,その他固定負債,,5200
ゼニス計測,2026Q1,BS,退職給付引当金,,6100
ゼニス計測,2026Q1,BS,純資産合計,,92500
ゼニス計測,2026Q1,PL,売上高,,110500
ゼニス計測,2026Q1,PL,営業利益,,10700
ゼニス計測,2026Q1,PL,税引前当期純利益,,10100
ゼニス計測,2026Q1,PL,減価償却費,,3400
ゼニス計測,2026Q1,PL,支払利息,,600
ゼニス計測,2026Q1,PL,法人税等,,3200
ゼニス計測,2026Q1,SS,剰余金の配当(配当金の支払額),,1400
ホクト印刷,2023Q4,BS,現金及び預金,15800,3000
ホクト印刷,2023Q4,BS,預け金,14000,8800
ホクト印刷,2023Q4,BS,営業債権,42300,42800
ホクト印刷,2023Q4,BS,棚卸資産,32500,33800
ホクト印刷,2023Q4,BS,その他流動資産,7500,8500
ホクト印刷,2023Q4,BS,有形固定資産(純額),99300,110300
ホクト印刷,2023Q4,BS,投資その他の資産,3300,5300
ホクト印刷,2023Q4,BS,営業債務,29000,24800
ホクト印刷,2023Q4,BS,短期借入金,16000,16500
ホクト印刷,2023Q4,BS,その他流動負債,12500,11000
ホクト印刷,2023Q4,BS,長期借入金,63300,54100
ホクト印刷,2023Q4,BS,その他固定負債,1500,500
ホクト印刷,2023Q4,BS,退職給付引当金,17800,18600
ホクト印刷,2023Q4,BS,純資産合計,74600,87000
ホクト印刷,2023Q4,PL,売上高,,156500
ホクト印刷,2023Q4,PL,営業利益,,19000
ホクト印刷,2023Q4,PL,税引前当期純利益,,18300
ホクト印刷,2023Q4,PL,減価償却費,,7000
ホクト印刷,2023Q4,PL,受取利息及び受取配当金,,600
ホクト印刷,2023Q4,PL,支払利息,,1300
ホクト印刷,2023Q4,PL,法人税等,,5900
ホクト印刷,2024Q1,BS,現金及び預金,,5500
ホクト印刷,2024Q1,BS,預け金,,3800
ホクト印刷,2024Q1,BS,営業債権,,49800
ホクト印刷,2024Q1,BS,棚卸資産,,40100
ホクト印刷,2024Q1,BS,その他流動資産,,10000
ホクト印刷,2024Q1,BS,有形固定資産(純額),,112300
ホクト印刷,2024Q1,BS,投資その他の資産,,5600
ホクト印刷,2024Q1,BS,営業債務,,25800
ホクト印刷,2024Q1,BS,短期借入金,,21800
ホクト印刷,2024Q1,BS,その他流動負債,,9800
ホクト印刷,2024Q1,BS,長期借入金,,61400
ホクト印刷,2024Q1,BS,その他固定負債,,500
ホクト印刷,2024Q1,BS,退職給付引当金,,18600
ホクト印刷,2024Q1,BS,純資産合計,,89200
ホクト印刷,2024Q1,PL,売上高,,166500
ホクト印刷,2024Q1,PL,営業利益,,7200
ホクト印刷,2024Q1,PL,税引前当期純利益,,5600
ホクト印刷,2024Q1,PL,減価償却費,,7500
ホクト印刷,2024Q1,PL,受取利息及び受取配当金,,1000
ホクト印刷,2024Q1,PL,支払利息,,2900
ホクト印刷,2024Q1,PL,固定資産売却損益(益は+、損は−),,300
ホクト印刷,2024Q1,PL,法人税等,,1800
ホクト印刷,2024Q1,補足,有形固定資産の売却による収入,,9800
ホクト印刷,2024Q1,SS,剰余金の配当(配当金の支払額),,1600
ホクト印刷,2024Q2,BS,現金及び預金,,500
ホクト印刷,2024Q2,BS,預け金,,8300
ホクト印刷,2024Q2,BS,営業債権,,47300
ホクト印刷,2024Q2,BS,棚卸資産,,44600
ホクト印刷,2024Q2,BS,その他流動資産,,10300
ホクト印刷,2024Q2,BS,有形固定資産(純額),,121300
ホクト印刷,2024Q2,BS,投資その他の資産,,6900
ホクト印刷,2024Q2,BS,営業債務,,31300
ホクト印刷,2024Q2,BS,短期借入金,,21500
ホクト印刷,2024Q2,BS,その他流動負債,,10600
ホクト印刷,2024Q2,BS,長期借入金,,51900
ホクト印刷,2024Q2,BS,その他固定負債,,0
ホクト印刷,2024Q2,BS,退職給付引当金,,18100
ホクト印刷,2024Q2,BS,純資産合計,,105800
ホクト印刷,2024Q2,PL,売上高,,169500
ホクト印刷,2024Q2,PL,営業利益,,26500
ホクト印刷,2024Q2,PL,税引前当期純利益,,24400
ホクト印刷,2024Q2,PL,減価償却費,,8800
ホクト印刷,2024Q2,PL,受取利息及び受取配当金,,800
ホクト印刷,2024Q2,PL,支払利息,,2900
ホクト印刷,2024Q2,PL,法人税等,,7800
ホクト印刷,2024Q3,BS,現金及び預金,,32100
ホクト印刷,2024Q3,BS,預け金,,5100
ホクト印刷,2024Q3,BS,営業債権,,44100
ホクト印刷,2024Q3,BS,棚卸資産,,45600
ホクト印刷,2024Q3,BS,その他流動資産,,9100
ホクト印刷,2024Q3,BS,有形固定資産(純額),,123800
ホクト印刷,2024Q3,BS,投資その他の資産,,4900
ホクト印刷,2024Q3,BS,営業債務,,38100
ホクト印刷,2024Q3,BS,短期借入金,,28000
ホクト印刷,2024Q3,BS,その他流動負債,,10100
ホクト印刷,2024Q3,BS,長期借入金,,50700
ホクト印刷,2024Q3,BS,その他固定負債,,300
ホクト印刷,2024Q3,BS,退職給付引当金,,19900
ホクト印刷,2024Q3,BS,純資産合計,,117600
ホクト印刷,2024Q3,PL,売上高,,178400
ホクト印刷,2024Q3,PL,営業利益,,21600
ホクト印刷,2024Q3,PL,税引前当期純利益,,21200
ホクト印刷,2024Q3,PL,減価償却費,,8800
ホクト印刷,2024Q3,PL,受取利息及び受取配当金,,900
ホクト印刷,2024Q3,PL,支払利息,,1300
ホクト印刷,2024Q3,PL,法人税等,,6800
ホクト印刷,2024Q3,SS,剰余金の配当(配当金の支払額),,2600
ホクト印刷,2024Q4,BS,現金及び預金,,38700
ホクト印刷,2024Q4,BS,預け金,,4600
ホクト印刷,2024Q4,BS,営業債権,,42400
ホクト印刷,2024Q4,BS,棚卸資産,,46100
ホクト印刷,2024Q4,BS,その他流動資産,,10600
ホクト印刷,2024Q4,BS,有形固定資産(純額),,128100
ホクト印刷,2024Q4,BS,投資その他の資産,,3400
ホクト印刷,2024Q4,BS,営業債務,,36100
ホクト印刷,2024Q4,BS,短期借入金,,23800
ホクト印刷,2024Q4,BS,その他流動負債,,10600
ホクト印刷,2024Q4,BS,長期借入金,,45000
ホクト印刷,2024Q4,BS,その他固定負債,,2100
ホクト印刷,2024Q4,BS,退職給付引当金,,19900
ホクト印刷,2024Q4,BS,純資産合計,,136400
ホクト印刷,2024Q4,PL,売上高,,190100
ホクト印刷,2024Q4,PL,営業利益,,28200
ホクト印刷,2024Q4,PL,税引前当期純利益,,27700
ホクト印刷,2024Q4,PL,減価償却費,,9800
ホクト印刷,2024Q4,PL,受取利息及び受取配当金,,100
ホクト印刷,2024Q4,PL,支払利息,,600
ホクト印刷,2024Q4,PL,法人税等,,8900
ホクト印刷,2025Q1,BS,現金及び預金,,32600
ホクト印刷,2025Q1,BS,預け金,,4100
ホクト印刷,2025Q1,BS,営業債権,,41400
ホクト印刷,2025Q1,BS,棚卸資産,,43100
ホクト印刷,2025Q1,BS,その他流動資産,,12100
ホクト印刷,2025Q1,BS,有形固定資産(純額),,134100
ホクト印刷,2025Q1,BS,投資その他の資産,,6900
ホクト印刷,2025Q1,BS,営業債務,,35900
ホクト印刷,2025Q1,BS,短期借入金,,20600
ホクト印刷,2025Q1,BS,その他流動負債,,12100
ホクト印刷,2025Q1,BS,長期借入金,,44800
ホクト印刷,2025Q1,BS,その他固定負債,,900
ホクト印刷,2025Q1,BS,退職給付引当金,,21200
ホクト印刷,2025Q1,BS,純資産合計,,138800
ホクト印刷,2025Q1,PL,売上高,,194300
ホクト印刷,2025Q1,PL,営業利益,,4500
ホクト印刷,2025Q1,PL,税引前当期純利益,,5100
ホクト印刷,2025Q1,PL,減価償却費,,4000
ホクト印刷,2025Q1,PL,受取利息及び受取配当金,,600
ホクト印刷,2025Q1,PL,支払利息,,300
ホクト印刷,2025Q1,PL,固定資産売却損益(益は+、損は−),,300
ホクト印刷,2025Q1,PL,法人税等,,1600
ホクト印刷,2025Q1,補足,有形固定資産の売却による収入,,2000
ホクト印刷,2025Q1,SS,剰余金の配当(配当金の支払額),,1100
ホクト印刷,2025Q2,BS,現金及び預金,,38500
ホクト印刷,2025Q2,BS,預け金,,2900
ホクト印刷,2025Q2,BS,営業債権,,42400
ホクト印刷,2025Q2,BS,棚卸資産,,45100
ホクト印刷,2025Q2,BS,その他流動資産,,11100
ホクト印刷,2025Q2,BS,有形固定資産(純額),,131600
ホクト印刷,2025Q2,BS,投資その他の資産,,9700
ホクト印刷,2025Q2,BS,営業債務,,40200
ホクト印刷,2025Q2,BS,短期借入金,,27400
ホクト印刷,2025Q2,BS,その他流動負債,,12900
ホクト印刷,2025Q2,BS,長期借入金,,38100
ホクト印刷,2025Q2,BS,その他固定負債,,1900
ホクト印刷,2025Q2,BS,退職給付引当金,,20700
ホクト印刷,2025Q2,BS,純資産合計,,140100
ホクト印刷,2025Q2,PL,売上高,,201300
ホクト印刷,2025Q2,PL,営業利益,,3100
ホクト印刷,2025Q2,PL,税引前当期純利益,,1900
ホクト印刷,2025Q2,PL,減価償却費,,14800
ホクト印刷,2025Q2,PL,受取利息及び受取配当金,,100
ホクト印刷,2025Q2,PL,支払利息,,1900
ホクト印刷,2025Q2,PL,固定資産売却損益(益は+、損は−),,600
ホクト印刷,2025Q2,PL,法人税等,,600
ホクト印刷,2025Q2,補足,有形固定資産の売却による収入,,7800
ホクト印刷,2025Q3,BS,現金及び預金,,44900
ホクト印刷,2025Q3,BS,預け金,,0
ホクト印刷,2025Q3,BS,営業債権,,40200
ホクト印刷,2025Q3,BS,棚卸資産,,47900
ホクト印刷,2025Q3,BS,その他流動資産,,12900
ホクト印刷,2025Q3,BS,有形固定資産(純額),,140900
ホクト印刷,2025Q3,BS,投資その他の資産,,10700
ホクト印刷,2025Q3,BS,営業債務,,42200
ホクト印刷,2025Q3,BS,短期借入金,,25400
ホクト印刷,2025Q3,BS,その他流動負債,,14400
ホクト印刷,2025Q3,BS,長期借入金,,45900
ホクト印刷,2025Q3,BS,その他固定負債,,2900
ホクト印刷,2025Q3,BS,退職給付引当金,,22500
ホクト印刷,2025Q3,BS,純資産合計,,144200
ホクト印刷,2025Q3,PL,売上高,,206200
ホクト印刷,2025Q3,PL,営業利益,,12800
ホクト印刷,2025Q3,PL,税引前当期純利益,,11000
ホクト印刷,2025Q3,PL,減価償却費,,6000
ホクト印刷,2025Q3,PL,受取利息及び受取配当金,,400
ホクト印刷,2025Q3,PL,支払利息,,2800
ホクト印刷,2025Q3,PL,固定資産売却損益(益は+、損は−),,600
ホクト印刷,2025Q3,PL,法人税等,,3500
ホクト印刷,2025Q3,補足,有形固定資産の売却による収入,,6300
ホクト印刷,2025Q3,SS,剰余金の配当(配当金の支払額),,1900
ホクト印刷,2025Q3,SS,自己株式の取得,,1500
ホクト印刷,2025Q4,BS,現金及び預金,,39400
ホクト印刷,2025Q4,BS,預け金,,800
ホクト印刷,2025Q4,BS,営業債権,,36200
ホクト印刷,2025Q4,BS,棚卸資産,,50400
ホクト印刷,2025Q4,BS,その他流動資産,,14900
ホクト印刷,2025Q4,BS,有形固定資産(純額),,150200
ホクト印刷,2025Q4,BS,投資その他の資産,,10200
ホクト印刷,2025Q4,BS,営業債務,,44000
ホクト印刷,2025Q4,BS,短期借入金,,20900
ホクト印刷,2025Q4,BS,その他流動負債,,14400
ホクト印刷,2025Q4,BS,長期借入金,,50700
ホクト印刷,2025Q4,BS,その他固定負債,,2400
ホクト印刷,2025Q4,BS,退職給付引当金,,22000
ホクト印刷,2025Q4,BS,純資産合計,,147700
ホクト印刷,2025Q4,PL,売上高,,217300
ホクト印刷,2025Q4,PL,営業利益,,4900
ホクト印刷,2025Q4,PL,税引前当期純利益,,5100
ホクト印刷,2025Q4,PL,減価償却費,,3800
ホクト印刷,2025Q4,PL,受取利息及び受取配当金,,500
ホクト印刷,2025Q4,PL,支払利息,,300
ホクト印刷,2025Q4,PL,法人税等,,1600
ホクト印刷,2026Q1,BS,現金及び預金,,42400
ホクト印刷,2026Q1,BS,預け金,,5600
ホクト印刷,2026Q1,BS,営業債権,,42700
ホクト印刷,2026Q1,BS,棚卸資産,,47700
ホクト印刷,2026Q1,BS,その他流動資産,,16200
ホクト印刷,2026Q1,BS,有形固定資産(純額),,157500
ホクト印刷,2026Q1,BS,投資その他の資産,,11500
ホクト印刷,2026Q1,BS,営業債務,,41800
ホクト印刷,2026Q1,BS,短期借入金,,28400
ホクト印刷,2026Q1,BS,その他流動負債,,16900
ホクト印刷,2026Q1,BS,長期借入金,,51700
ホクト印刷,2026Q1,BS,その他固定負債,,2900
ホクト印刷,2026Q1,BS,退職給付引当金,,23500
ホクト印刷,2026Q1,BS,純資産合計,,158400
ホクト印刷,2026Q1,PL,売上高,,225800
ホクト印刷,2026Q1,PL,営業利益,,20500
ホクト印刷,2026Q1,PL,税引前当期純利益,,20600
ホクト印刷,2026Q1,PL,減価償却費,,8500
ホクト印刷,2026Q1,PL,受取利息及び受取配当金,,500
ホクト印刷,2026Q1,PL,支払利息,,400
ホクト印刷,2026Q1,PL,法人税等,,6600
ホクト印刷,2026Q1,SS,剰余金の配当(配当金の支払額),,3300
